;used_liter;image
0;232;0219dd3cb0c76d33a53bb1f4585565adef4a13f8.jpg
1;239;04186f57acff48a961a7f50e3eff63012954e958.jpg
2;10496;1b4627a6b5e2df9aac7f00c4fadd4a312ebefb38.jpg
3;24;02249cd7cfb602f20e03f3a4e87455737e818f63.jpg
4;1298;0a0f34d1705019f3c46b7a2f480a7668ab785005.jpg
5;320;1cd0c0624c224e6c44a28716074dcb84419802b8.jpg
6;404;0429698808c879620ae200114a5cf033ce35f114.jpg
7;225;0ae7eb748cbc718791b9f747a7d1a5e6244592f6.jpg
8;303;177583688b265b443f655ef9cd20064f2f5b96c6.jpg
9;302;0a8fa1798abdf44ad7c949a2859f774d1a2714fe.jpg
10;356;1140fb5e02f2f471fc6a39f9667a888e9326edc7.jpg
11;411;19118e6d815adc8dc7f6bf32b993fc41c16f187c.jpg
12;223;0a65fb248a82abb3a1dd0a57df927ce56b0cbe1b.jpg
13;161;00daab3e561e37286be49ed197bf5aaba589fafe.jpg
14;294;1d2c9a3210a51d406ff9031a9007759a76e8cde2.jpg
15;10020;0147064c7372e67ae51513a7f77909148884f96a.jpg
16;460;24355f13c55e59c9827eba8cda2dc09d70237952.jpg
17;44;052c6e499facf633816f2df78da6eb2b36a4006c.jpg
18;59;20b5e82a8455694fadbc035c45adbd8e0d6f40ab.jpg
19;250;138ef6ecdb2e103d72b0d284b4eef966357c0d88.jpg
20;8009;0d12433ee257c7e2cd18e02b3905168e02f8a14c.jpg
21;334;23c48042441bcc9bb3bd7ba70e0055ca68437a5a.jpg
22;10005;2131a98da3c8e9fb2341e6550a413c19dfe6d52d.jpg
23;827;03549e89af9f0e06c028bf58189f61d3a6516ec7.jpg
24;408;0dbf3b2807652c790774fcbb5614f288593950f6.jpg
25;440;092d2141e45cb7062d7dcda01470b2c24e1ee786.jpg
26;1558;1f5cbdd120b87b8aac721875d26a144dd8db5196.jpg
27;178;185e7a2f5eba7563ae48fe1400af6a2f1a7c6f10.jpg
28;43;1666a0251acaab8454ad1585f5296448f56ee1ab.jpg
29;46;09101f91454277b73f771501d7d6084c7e8f4f6b.jpg
30;53;0c399096851aac0507a12ef2ea1a32fb8f0d111a.jpg
31;5998;044002b80303b85db5b43c1cbe68b9ef764fad35.jpg
32;8009;11068ba0406918968c72bc6643f57ddea26abeed.jpg
33;16;15a60401ed5bd1c310c57cd7fa3e0e46bef661bc.jpg
34;40;0a29d0d870ebb28ae0859435560796adda6b8b1c.jpg
35;288;079b6f9c27819b5cce5f3bac76be61914ee9ca46.jpg
36;339;06c94704611c6b5b91c05be2decc12713c4bffbc.jpg
37;463;06744903d9dc7cee3aa9bd3a2583ba96343490dd.jpg
38;331;1f93d6f6c8383a504bef98d692e553fa0c2cab3d.jpg
39;271;16d51a8daef27e63eba9854bed3d7503e0833a0e.jpg
40;252;0710901824c35536a1b62f4e5144b91f746eaa7c.jpg
41;96;236c75d63a3bc2e0fe08419b9a937a0da6635d1a.jpg
42;1367;149860eca6b114910388bc22e81250bcec4a6d69.jpg
43;891;097059152c05d7865130bf4dd48f49978992749e.jpg
44;149;222f197642ca09c4ad6c9a4376aa191922824d78.jpg
45;30;08951306fda23db365311cb9e1d24dac1cdfe0b7.jpg
46;189;0e6035c0dbe4033dadb85d08f455f18f8a17810d.jpg
47;427;17590bac44d0544d4c203cf4324d9539d375fcda.jpg
48;201;2194c1ef262dcd6d6be796a3396ae95bc375559b.jpg
49;186;1973b590664c8f9d121593a28e36a53d90b24cd3.jpg
50;192;17359f7f5cc260d826a85408bdcfd4de2bf0c14f.jpg
51;583;0aac7f35b6ba8de43002f425d84ee1f57a2cadbc.jpg
52;2002;195da8cf4b08ecbd49d0e51cb6bfe32fbb1ba8bb.jpg
53;102;18162a4d7306b0b4dd12f1d5301bee6e9e55c4ba.jpg
54;1497;246c5cf485411541ea9e67fa2b451d850ae6cb57.jpg
55;90;0e5e34c53c099bfc10fe4d0d05ecf376610773ae.jpg
56;339;1d7d97a7dafe37112cb8f3304f5100826c3189f3.jpg
57;202;1822a7fd398bbd4d37d083f369830479127b7124.jpg
58;433;0c30efb1aabacf1369f3e5ca3a6e7bd598b39811.jpg
59;55;0314aa114a215f911bb4fc52d278ca7fb0fd886c.jpg
60;585;0774be6d3c6780bdf94d9e52ba0993b9489a107f.jpg
61;9074;036f084a3e117128f5eb1d288624e2baff001505.jpg
62;653;014516d6e737d241871342cdb874390dbc38b720.jpg
63;38;0e996adc78a58297c558775519d156e7ed5e80a0.jpg
64;263;123bdeaad432925389e441ab05a980a26aa371d4.jpg
65;268;1ca7108c4edf1fbc77b9857a140ddd08a81abca6.jpg
66;67;02e1744df53e91bdc6d1d77a5769369fe570c0a3.jpg
67;486;0e0ff87f7ec6dd8dcc35a6f114871ecaa0a05111.jpg
68;321;067634157fe82053f5f3035a794784b2c024606e.jpg
69;942;1163bcc91cf3bd06dd0fc52de6d55014114a742c.jpg
70;233;24b1ed8e983f4cec47192b1654bc88293cd3d102.jpg
71;2028;18847bab8ddd4804f9b5b2a467b2d6a25836e9af.jpg
72;167;0df0e5bfedb73c87665db066d995258adc3cb10c.jpg
73;449;091f22df6a1d70c5d848787339bf048a54ecb032.jpg
74;607;20506393ef99f856d8f19315f458b3ae678a1db1.jpg
75;493;213aa5b82db88935a7af32e213e17e2161658b26.jpg
76;271;058155953093a062d5a2ef970053f0a1625a0cf0.jpg
77;126;0705d4cfcde90d2dc4dd5a2376892589ecef8bf7.jpg
78;302;24258dcac1d3498f9fac0ff91c2f8145faffebac.jpg
79;310;0755a69de0255cf2f4db227fd2e84dab5c0e1866.jpg
80;43;1de1cde130d683f941a4b02a3d8d92f7c1fefeef.jpg
81;207;22435e8ffb865e1b0cda2d7f173da3621182ebdc.jpg
82;157;1b51ece5234f0dc3677b8aec8e20a5f136cf38b8.jpg
83;231;02e8c00c5e26d6c30687ad556a3be3afe872c344.jpg
84;106;18f51ab77a57e49cf1d347cf867d61bf801886a3.jpg
85;105;0c1bdd65270354787810293a1f8ebcd3c74ca43b.jpg
86;110;1ede09660893a4327663ee54e6975d71635e2ab2.jpg
87;55;247b32b732ef961841cbdd076c3fd719bf5c65e8.jpg
88;385;1a90de69c28f733944e9c9ba09d1195c32438647.jpg
89;111;036688017b8b57d92453e37535a95f1beb7518a5.jpg
90;300;17c7b36644ac4615262a4fb181a4a97249e88fce.jpg
91;76;1568b09f9c0eeadebb0dd6bb43ca58f898119ec9.jpg
92;1014;1316b728b788cc7d0d1e851c38c55b7219231d6c.jpg
93;845;1fddcce18cc4ff8f633da6584d077bbdb5f6da40.jpg
94;311;00d4904613d2aa43a2d911fa77a8ae00f8a64fac.jpg
95;349;1745cf78558388809cb090de8e121d5ef353bf6a.jpg
96;266;1c9bdaf5c90c57a7d7e30d4b4fed46c4c2107904.jpg
97;125;1b05349749dcce03017d5d6156445310ea528499.jpg
98;288;033b8658446546c7883c02bcc5835b906135ff05.jpg
99;219;15aa0db3742553cba7549ae1d67a6bf94db2a7ad.jpg
100;48;00ec9bd05f6d3b9771526d4190ac99a0cd5cfddc.jpg
101;210;0c5b6ae37471ed064c7ce6c21e5b4efd6b3b724a.jpg
102;131;0950c0ce88ad518d722e422a335e92a5d5d017e9.jpg
103;316;16478eb14916a9601b4cd72838269d9350420c9b.jpg
104;287;1821be2051a0072259da78b861bad29ba65031b3.jpg
105;278;0067680285013cae719c4acf4b461c08c7e778d8.jpg
106;9644;066949814e2024f4ff28c603a4bab80756fa272b.jpg
107;136;236f7eb7eb15d0a4d9006ffe2b1829f00bbd30ec.jpg
108;502;171e62f5112afede98df8bebad18f7100ab8ebe6.jpg
109;119;1e9bd45524908e924c0a9bb3149c289d0d2f76a1.jpg
110;14973;095aebdf6e19b8749bf8a2a1dcf37e3219cb9101.jpg
111;140;0756eaddaad216e922eb8f9837367a926789ed61.jpg
112;132;0a03ff6ef4661817813387f347627373602efbea.jpg
113;185;0c20a9234948401c474c566d92d84b5fcba2edc8.jpg
114;65;0e92b370a850ab6f05be304f722788d38cb8b850.jpg
115;110;00020711be614d6837031a916b9854f6e51aa108.jpg
116;356;11774510340de9b812ef3b2b7eda8061107de632.jpg
117;193;0a0893c514a32196aeb1dfd238f89f971fef0134.jpg
118;142;1c23ad860c0ddca82021843154c6b2cb61756789.jpg
119;629;132af5dbb53ea11799437b759572bef40ee52f12.jpg
120;173;017310bbb9be669154dbe7b63fe3aa355b81446e.jpg
121;109;038c34654e511ff2dde4b8c78fcaf6a19070986d.jpg
122;95;1616a5c5e8eaf83a4d251afd4a12358eefc930b7.jpg
123;3447;1696e252cd2c8629fd6753119321372bc2a9a1ff.jpg
124;13008;17e076426932245ed49d32b64f40ffa9819b7aee.jpg
125;472;17c636b3c5c771a634a4bbede5c438e525f8b4b5.jpg
126;2371;02076f4c815dfe2c818a23e1fc0bfa38c83fc958.jpg
127;425;1273f7997400137a21eec128a6de78731d27600c.jpg
128;110;00b4df21fc7774ebe26658797c5e78f1e57ac05c.jpg
129;368;1b6274ee919a562a533196c2009537484f5063eb.jpg
130;417;0aea90910ec1e0cc242e8c58fc49137376280a3e.jpg
131;422;0a475ba0e54b7c6f618b0de7a1947070dd66103c.jpg
132;525;17125aa9eafc40c6550d91eda4657bae2f6d06ef.jpg
133;1768;0a835b3ce958be329de42424b4771a248e7dfae2.jpg
134;18560;1a17cde11258c1338c01683084f44e492c80e82a.jpg
135;715;09c2e201a7c997f61ecfed747772f8adc4c3f25a.jpg
136;20007;0792033f3a5de55c76d42af4b741e7e929fb32d8.jpg
137;275;118ac665eb1f7f23f563e26ca38cbbcd18e55bb2.jpg
138;537;1b7e7dba086c1354ea3f8e7d8e3ca0c456a5c102.jpg
139;15214;202b34240671b555665ae4514111c054f12523e0.jpg
140;261;10b87f7e9a57d2746d2679d8afaa1c4ea6404f8c.jpg
141;300;0d8409125ccd8e4b4b2cb6ab3ddda52365807fdd.jpg
142;56;0e128df8d155ea0e8a55c4d017a80902f9f7e0ad.jpg
143;9858;19abbedea9ffeec3441c2be6c53437a075e97067.jpg
144;7424;0716dfe26fffaf571a6981407317757542f0ed3f.jpg
145;294;1e1cc75e5578cddaa81145ef3138cc4086989fa2.jpg
146;258;15a08592d9615953288fa379a61050f4068ae7f8.jpg
147;108;09120b3d2bab99b63aec9398ce09d00db891dfb7.jpg
148;207;0df9a12be7305dd0d1e1a96cbd940cf023e52e9f.jpg
149;280;0df530261af7f709ba91a8c9538183124288cea9.jpg
150;225;0094f326be62b9aa988f3fea0906cca179ad775c.jpg
151;100;0078d455111e507a2c537dd5d3bed07b72543b91.jpg
152;518;0a8e9bfc2f26b1aecee861a1d58cdd8d6b9ba2ec.jpg
153;300;15638e323c2b1faf8c6590c16583de84f83f46da.jpg
154;209;0dac522e29a2d480ad432781f19058e91ee21361.jpg
155;106;0e9732175f3b15ea669c832dbe81728aa9b8d792.jpg
156;200;02bb199a546d967362d0b8e792834ffd5884dd17.jpg
157;335;06f144bcb9f678af64f8940716a56820d485f9a5.jpg
158;217;1846cc99a8bf0bfcb3d9fe634c6372ed8a400376.jpg
159;211;0c042029413843391478ff9dd064662b1f9e86d2.jpg
160;118;0356f9f72827d3a12f19535308cdeaabb92314cc.jpg
161;323;16134d3d29402e29a4b04e799280e10b4addd8f6.jpg
162;115;0cccb9f204c70da544d2d7c7e61ca3cade006d8b.jpg
163;39;0216e81756ea1090c1f6fbb83985d0cf42efcdca.jpg
164;101;1e4fb7b4bc5836d2f2f5b79939e65aad43888b48.jpg
165;32;1e9a370c60cecb61d532b675009a7351f59164d8.jpg
166;290;18051fa79d283061c6ad494caac0e183253a0392.jpg
167;105;1c384df70bed3eebc06d962dafa0a44f938ad60f.jpg
168;128;00501ae8abd11ed519db0ac062ee6b291794dce2.jpg
169;162;2353c42c89b178b721e7f29c9524d1576b1bf46c.jpg
170;200;19bae2e81d5dd57af141bb8f62979fc7d5d4447e.jpg
171;200;0dc2afa503a6b89c554c1a2bfd51530342ea7e36.jpg
172;270;06ca0e6891098bfef66dd7d89feaad87ff15e7ec.jpg
173;126;042315493546af1c05d53e4be87068d3d39b32a3.jpg
174;280;11907e62e0692ec9f1e7eb0211fc3128eeb69320.jpg
175;81;0babfdfb7ec2c1caab650c62b2fb9482c561103d.jpg
