;used_liter;image
0;33;e104664ba1792dde641d87cd5d95f1df06786140.jpg
1;29;48990b5cbe173868040bd33f06fb1b80c2b4f28a.jpg
2;230;9e111802446b62b86aeffe911415ad28227caba7.jpg
3;43;f78fe5a461f28bc770a7dd856878bb4a314a9027.jpg
4;51;62e96bf40409b3b6fd74065ab0bf3ec44f9d0a61.jpg
5;238;c836ea17748e562c99f93edc51f2b900664ec37d.jpg
6;227;5232b54dc19f64026dde07b3d3f3b7b868162352.jpg
7;211;ad09efeb3fb287283c6674797b9214313d12b5f1.jpg
8;51;87e827d58b36c7921568b270eae938e677c97207.jpg
9;29;fdddffcd1423ea0366eb81802ce1351bccf6dcaa.jpg
10;66;bdbf41a1d93043386f690c2ab077b1bff5bc023f.jpg
11;81;2b6481132ed176928dfeefd11f7b10b56b49d517.jpg
12;202;fbd02b4f1eac089a9af1a9e0a24e888e3226d6bc.jpg
13;38;caf2e1f69e943deb7a05a4b1f08de37651b9498b.jpg
14;228;7f6c0991090642ce15ee5b79019157f104dcf99d.jpg
15;187;f9b1f447c64e60597eef190ab328460c77a17bd0.jpg
16;231;2c07716d1d18e0d407cb113745689d5f9d45f307.jpg
17;35;afc914e1bdf29f16b78de8afd3dd3739a55dc914.jpg
18;75;ffd083a696ac010ca5a9a3cbecdb28a57a167732.jpg
19;218;cd4d249fd27369f927124e67151b8d97e4bdfdd4.jpg
20;59;77aaf9400e8e44b728951ab5604e2eaa6a864dd1.jpg
21;183;aee88596159ace71523271065199866d5ed89dad.jpg
22;44;c56c79a6eb6df9942c4922b5112e7855d79b4867.jpg
23;184;64497aa7f4d0ec03260d50917487bf7e0dad8631.jpg
24;29;34bd9ee3b020d9cd5297d6990784719bc68f2f2e.jpg
25;70;c1db6c89fb26a051f71726f7df032e43de6046bc.jpg
26;139;c1119af716de4f4954efb087092a49ee3b48be13.jpg
27;45;51bf596a3c477f7944dd6d1fa83da310da375dc0.jpg
28;129;165679858cfc4cd754e71a14d0381bc94a521cba.jpg
29;98;26f0a94f2cb7b8637e3f5339799d5f4ba1029024.jpg
30;191;4de40c9f2697c6f0ebc3be3a531bb5db9f64092f.jpg
31;56;852980ab54fe5cf1039940b0e6ac33a47172a12f.jpg
32;67;9f7011199d11492f06dd62fc02845952175a8741.jpg
33;95;3c823ec6e7a7405211c7d9281432a406929eff97.jpg
34;205;d795e6592de9c1c5187a86769b8c5d7444cbaefd.jpg
35;23;5efa991cf18e861feaedf77355a6de1a010cb79b.jpg
36;214;caed5ebb6fc271d447c2f286dab64583e64c3324.jpg
37;256;0a07d2cff5beb0580bca191427e8cd6e1a0eb678.jpg
38;166;45d7f253212cb2fbb401aa6193d8b8e4e4420854.jpg
39;45;b9459761282e4785af2ece0ad86a9fcd05047bfd.jpg
40;242;04dc6be4599a36518fcb26bf9355508d57ce6887.jpg
41;191;e6bf1df203b043c813d09f9db881595406920725.jpg
42;79;e47f55e29fb263bcdda378a8fc9fcc14cb532653.jpg
43;52;16059ed087ceb8a0d664934a78c414349bf9ac93.jpg
44;42;86aefd62c2e164037a5fdfa2feda74801a5da14c.jpg
45;43;ae7c13f09ce55a6ebb4eab0819b5340f960e89f1.jpg
46;233;a7587241454eeec7fa380250102423a7ff64c22b.jpg
47;50;647517ae17cb333fe4187bdaec6db1e919c52896.jpg
48;66;6e698f0b367607f0fa89763a2f1c3e11c42096ad.jpg
49;44;7df49abdbd72e550b6f37ebb5206ab4e94f4be7d.jpg
50;68;58b18aba0f01c20bc6042525158579785c74eba0.jpg
51;51;fc302f8fddf7e0a77550953f36d6a5148019680e.jpg
52;46;6d9e01bb68c31e9227beb6b0fd52423f21c16648.jpg
53;55;1bc7bbefa14f6d7680e055191f8ba99823defba6.jpg
54;50;98ec95acaf26bde374a5301009c0fe7c09e447ac.jpg
55;198;184bad9043c572a63c3e2f838e79955faf946181.jpg
56;93;b2b721636f4ba3ef7cd4f2e2eec3730116470f58.jpg
57;146;2f4e7043428941035e5fec2ae92e9b6b6b14ddd7.jpg
58;200;4ac652ff81459defe503fb6a28feaedf4ac2fb7c.jpg
59;172;28664c8bffb7bec48411563f3c0db7e5f118889b.jpg
60;174;bf81cd3258241d91ba9e915e8bf309da16a574ed.jpg
61;93;e091c458e962655ceff9bff8ff56961d8ce23b99.jpg
62;91;3143a8b25a7f6f9ac1b47475d010ea6d113270b8.jpg
63;51;41ba9d95ab7ef9a43bfccfa13f9ffc160f25b8ab.jpg
64;113;45fec9e34de2083d6e045b7ee99b0780183ab0e9.jpg
65;60;4534e267bea350e8afdfff3e9c4d0933933b0429.jpg
66;209;b746312f413f1373779b00b82d9c83c0e3d881b2.jpg
67;35;3783acb95a917cf46cd7dc0fdcf9466cc98707bb.jpg
68;67;4c14ffddd8e9ca7b4a833ab8ce146301fc2c88b6.jpg
69;67;b0960a1248959ec24e6a7241e8c6c6d343c1141d.jpg
70;55;474494db28922d7e400d7b24541695bcb6366532.jpg
71;208;4556bd987b4448bf6a45adf2fb9b40d495d1f00d.jpg
72;88;b709749645b5c905d731a7f3725433b7c0360526.jpg
73;72;05e5e706f7654e756c1d4dc0740759f9559ab638.jpg
74;58;fe1dc0a44b58c36fd9215a6d201920deefe7c309.jpg
75;206;dd31a247c313689d77bbf8fbf2bd7dbac8d44333.jpg
76;60;86f374d068c3526c462b47a55dc2f7cbffe34521.jpg
77;150;94d7dd836ea0c1b8f4fdf7dac0779e009bd2de7c.jpg
78;169;c69919d412947c420a8150017bcb05cda8ab7fb7.jpg
79;27;8ecb0b9d2fba086caf434b7a4864434f9ea0da0e.jpg
80;146;5108b091a7f6a6364f7f125cead992f55fafb8ed.jpg
81;215;b772d011f189cc97e88de5d114a0821941435fd4.jpg
82;69;5addbeb17642fd1bedfa36f02aa594601d9a4d7e.jpg
83;100;631887ed74c7390a6e2c81d5c11ac529b40cac24.jpg
84;142;bf52fb9d9ca985341979a2b9db06838614f306b5.jpg
85;23;0c1979be441eb95a6f1c7aaba65edeefda5412a9.jpg
86;95;129bb38115a3cf224bdf9a593e2df0465db79bc6.jpg
87;168;659667ef81a9faea100e326ae165535e530785d4.jpg
88;238;0688de8a02d78ef6fc31ee7aa625eb1a7dc3ba4a.jpg
89;54;e452881a7b82c7b224e38b754424da1f3b96060d.jpg
90;36;57f163278000a53c4199e6cff9e949bef60154f7.jpg
91;96;b5d5e0eff5f4408e101561c89f0172212a6d2216.jpg
92;86;ad303bb8b900d6002a618c9edb2691e4927986d8.jpg
93;186;cc3f2c7a152b1353e4d0149ea4516bed71c781df.jpg
94;76;ebbeb1b4a007e7d5a4f62c2b504484c09fb43dde.jpg
95;194;05f3d4b586d92ba18b00dedd6dbe4a163f9ea1c1.jpg
96;161;b77a9c3bdaf91f0fcce9ca05f598c34139a11205.jpg
97;148;80f4419eee02f02c34f4b4f65d65b34ad07be278.jpg
98;33;f467271c3de398ffe78268830059c2fd8dc29b90.jpg
99;74;ea505d33dc581c054d6ab218048536b9e5b05fe4.jpg
100;66;0fc1317374529ccc9ead94895c8722c1681ce187.jpg
101;51;97fbf9288a53ee809eb4538b507b1b8c01b17be5.jpg
102;276;f1cbc378299894f7f09e6d3aea25b0f962e9af8a.jpg
103;114;10edfb73d2b261b00e2f509ec36b05c4d6fab706.jpg
104;54;9fbf5baf2483b1c0cb21c8d00cbe6dac038b2ff1.jpg
105;203;9254cdb3e6d79badf7aeed6973383edaaaaa7e64.jpg
106;177;fc7e8efc0039ff4f010ef9b28783351575e225bd.jpg
107;194;840502a0ad0ee55ef41b7a051cc86d9471559cb1.jpg
108;120;0086c28630535f9d722eed740f9ce3f8336ec432.jpg
109;202;b1195235570b5ee9f11ba8adb64e165b8d81e6d0.jpg
110;69;e72a9402841f1fd6a2c3c9f27a25d405640ce194.jpg
111;154;18a1f78397b98a02bcbfbe69b390b9c72be1d686.jpg
112;65;6b5d829c02194467ae05ab5c9cc563671814c159.jpg
113;85;60a6920c0470dee667dd218bab542e0528e3ba8f.jpg
114;71;e023858ed388731bbccbbc2d6a64983b145b0b4a.jpg
115;217;a3169ca6db33dda2b32c96f5063117e2ee3eb2c0.jpg
116;47;bf587a4df84cc4dd291e9c64b1c0e5a0d198580c.jpg
117;66;2236648840225d976d1feb6155c9de07b129f403.jpg
118;50;60f603ee8cc95cf1125c4f159502f65b85195bef.jpg
119;39;36a73c74ef0b76639e12488651f587fb06a9baab.jpg
120;76;957d8fe28fed4ca5f8b2aab0a4ff3032ca631165.jpg
121;44;768ffa2daba12461bc698a2b740ecbbfb15fce8c.jpg
122;47;b7f78a8f28674b7700c7c8f0c1e949cd6eab5f42.jpg
123;67;a6bd371130fec0f12d7b2a32865ddae3e026aa37.jpg
124;242;fbb22d2e929fc4e7cef446edf6306fd807329bea.jpg
125;247;aaa54960feb69aa9be5bb088ad9dbf0a6d4cee2d.jpg
126;223;c0313de737369b43bb8d6855517e4980630c89bd.jpg
127;80;41b5d9fc07d41287a37339282057a1aff4c7b2ed.jpg
128;104;846136278e66e5431f21403ca750168fd825930a.jpg
129;180;85734ff0041e6244f29ffcfbe2c89d8c580162dc.jpg
130;53;02b292a500dfb9192379fe830534cfd8b38f003f.jpg
131;230;7c78f916fc9f716f6c7db5095cd690f79b29cd31.jpg
132;222;2bf3406560e9dc92dbcb5b50291689e7ff858a80.jpg
133;175;f459be06cce486e8199930cfb3ed8c42d2f1a4b8.jpg
134;30;373864709100c8c0b8f3e6c3722ff9453747b889.jpg
135;60;7910fdcf50e2e8a471e13056eec64befa8a94140.jpg
136;59;18f0202e901fb1ed202bc75d68533358e3c8b7e3.jpg
137;44;63a8e6111690bca37052c237047fd85162facf5d.jpg
138;212;81ac47bdd1e225569ed626a723644a00216d8f75.jpg
139;211;1f1ec8eee75d4988d7756895aa780a6dee908118.jpg
140;54;8eeaee0a4748acb92d5fbbccd10c93d120b96986.jpg
141;161;cc4bf7bc265a045746f6a2ac3c77c6a498712307.jpg
142;73;30131c888cef3e66e4cb4f29ee45c43c8b24aeaa.jpg
143;52;c6050c9162ec2310f81dea88715d9f0af4f98942.jpg
144;255;cc9acb43543022d0e9ba0af8e059f92a602ba80f.jpg
145;49;64c2c2499251eb9ba07f3476d6205a0156773ffc.jpg
146;106;9a36b9a6305e01cb859fce9eb01b9bbfbc4cbbbd.jpg
147;73;f655c28f9f983c49d10d0744b6df17b60aef59e9.jpg
148;78;c203beb685cec15caa6a25122daed0b28df3b951.jpg
149;55;9f4e2949e665100744dafaaa13c9d436bdd7fff9.jpg
150;201;9b5cac08bb596e68e52fd5f5033f74e00622cfa5.jpg
151;123;29d04b7a38c2d2005f07588f348296f396fe8614.jpg
152;165;28feeee4d7e52d0ba5d2cee31c8886e57f574319.jpg
153;135;9879e8fcac36d3a82bea304b0af56bde5533f5f1.jpg
154;150;1f27a79030d2b43055f03b2c77214f1c29681dcd.jpg
155;87;b802e264b4be4f3ea85671ef53da4d39097a2937.jpg
156;34;67fcfc525568301048c4eeb4554173013daed55a.jpg
157;212;f306218639ef34f32df3d50073efd7521f7b3ac1.jpg
158;212;4a322d88fca63d74fb42eee30846e99735c17905.jpg
159;49;48a1a65aa0c10594219c98d6a36ae695e1b0aea5.jpg
160;58;b3a9e5dcdca2c89d0e0ccc9aab1d74f74ddb9cd6.jpg
161;54;3dda11f98b920b17f0cb011cb881888801bf991a.jpg
162;61;c61272eefb1800353952a64d8232b2fdf3a26e52.jpg
163;114;9b53257ee7e2e46b0e2907c5b8aaac4b94712faa.jpg
164;204;503c6f058305af8803290cfd7b101f61060ede87.jpg
165;34;f2874f433bb06748b4a583ef35b827ae352ef147.jpg
166;62;c6b10b24c45ce1cbe505f6130b14c503810ee3d6.jpg
167;55;f8078b64f04fff2627fa142eb26084a166870bd4.jpg
168;235;15c41a2e99339f2698e386e1370ac1471ae430e3.jpg
169;195;c5afb8d3970a23a361c3f8a1e54400d5b0d07c89.jpg
170;36;565655306167c014f879797a2ee651ad590f1157.jpg
171;67;6be6106d6ca690c46cd575d85294185c86081006.jpg
172;37;260693f35709a7fe26304978d77ab9ccc45fa5ad.jpg
173;215;73a572dd4369bdb99f5669cb038019160bc63b47.jpg
174;65;4cf115ed8fca1464e52f495df2b35ed1f21b9b9f.jpg
175;240;58dfbdaeab5fda2ceb0e7bafdb240becfafb762a.jpg
176;210;9b335a61b30d6097ba1417dc56b2f271b86b4be4.jpg
177;72;dea0071da808c456b52e9ae7c681ce12d522ec38.jpg
178;213;169ee15bb3b1036bee1012ec12c91048939b1589.jpg
179;73;7b46efce5cb470220e16da197406c8b21ea2c840.jpg
180;138;1d0cef2855b9886e7c075b09eb4d19cacb98f225.jpg
181;191;dd6b9a76ce131643252f4738bf1ec759809fc4b5.jpg
182;120;2b1f5ea851600eec2cc600014ffd59a320c096e3.jpg
183;175;c18b6f8b996ee88e387824a41e123e9e3e56d348.jpg
184;38;92230131b7174318da8b76b80884ebf17f9ea6f6.jpg
185;29;fa61c55f5f6118108d5a210875c79e2335bea219.jpg
186;226;e1d0c7cffa534df014e9a2970b1b29171f8a8a90.jpg
187;87;b4277e42d2cce05adde28e436ecc141c4733ab45.jpg
188;37;4155206a4bc1633ddfb2f0fd907dfd01d2e1616e.jpg
189;35;494c6fda6eace52cecf37de39c5921517739ab58.jpg
190;176;d4b26d2b599dbad8acd3db7ce0f7242758b05907.jpg
191;156;12662593fe501b98e441b948ad553a46cc1944cd.jpg
192;23;947ed0d788292140ef2a23326969d962d423575e.jpg
193;60;d4d80b48e9a9cc80bdcfa4cdadf29951a18df346.jpg
194;175;e834fadd3461bb593a7d2d72885f8d2319480b87.jpg
195;217;8e4f016190f77e5aa58c53509d869e915a0be67b.jpg
196;103;500754878cb758552f525280c872dc565b3de8b5.jpg
197;237;12e7597c51eacba5455793920b73d008db8a63b4.jpg
198;74;0249b3ed6a5442489f764e48177e28422e48296a.jpg
199;207;8edb3482301d1a01e52312c33e055b55d2fa9134.jpg
200;37;1755d81d0bbd4be27d0389b6edf416ff50621d4f.jpg
201;37;beb7c3ddd59f77b342ab1d4016d11562f8543de6.jpg
202;210;7d5791314bdebcf4d57b8c7f0358abe7cc1003e8.jpg
203;58;d350bed5855bb0233e9f539da24ab4d9fd25eadf.jpg
204;57;a0fcee07eb3fbe5145ec497d42a918fbc615fd4e.jpg
205;107;ac74fcbbaced723cd4ba98fd7fab764a665783ec.jpg
206;234;4b9a7c65f5c42ea5e0f36682584755d56ef45c8d.jpg
207;66;f27af009385bf56b693dd96ca50bfdc93b8a945a.jpg
208;129;55879a955e5b20ea30ead7c5b3557287b335c632.jpg
209;201;2498d375b9d31b142841b57a4ac3983e7a698075.jpg
210;53;f4c377be5defcba29c7f722b718a7319988e6add.jpg
211;219;27f3c33acc8c524f97d752e7577e1c379727855a.jpg
212;40;ed19955cfa901c23e20ba492411e34906586436e.jpg
213;67;32de75ac61ffc12b0a3c9a1e797682735c94f0b3.jpg
214;41;a92e0e57271054308e87d3fd64530bd812c43978.jpg
215;246;49ec32bdf9f7a1f5ddecc606f3cb42a4ae6c44fd.jpg
216;124;24bac054e26aff252bc4dc768a43a8d20a82c380.jpg
217;43;d4e4850433c86506a1e0712a3fcf639dba393c79.jpg
218;62;1eec400baaac813f4b3afff59923a338d669c584.jpg
219;85;c2d2ca4a41d723ee42c407d1fdc86a542b597dc0.jpg
220;28;4406201aab58cec6990ce4738eec3f353ada3c0f.jpg
221;76;74e0e46b6111bafccb1d01cb684dab0d604a9142.jpg
222;120;cf9e98f7f7793bc13d41d24a7fce6ef600a57fa4.jpg
223;161;0f7d9a795212d9e140181ec73a32a493af22a100.jpg
224;40;81200578963bee698c6c450dfb448255f0b991af.jpg
225;301;15ec2ecb8287e6b0e98d20ae5933c0e41012aff0.jpg
226;46;bd2e1293ba838ca0fb9baf0d4a8aaa7cfda007dd.jpg
227;41;21e25ab0ed146f090ce70a747ce621c60ef263ef.jpg
228;113;191fdfd5dbe6f3c98f8c177128349077b1e4c876.jpg
229;21;d0183d179d58dd8157283feb50a7b2bd53b24005.jpg
230;207;36c8f6a2971fa968f0eb9c75c27136ef2b1bf73f.jpg
231;191;12eaf64c705f59843fee2458d0f442246077beac.jpg
232;54;e1aede3b8be7b86dbacf12494d7fb737f614e1df.jpg
233;42;1046212bf9fd73fcd343e2f80886e92ebe4f7673.jpg
234;46;5d86e39532e6eac079395d645962a455678aced9.jpg
235;83;530cd0787c68b42d9a0c2d054b28bdddc37b1175.jpg
236;48;9a0c8185141db0f185bed03de473f55c7ef3ba35.jpg
237;66;08d0cfda33f8ba7f58945e600ae44daa93ed0cda.jpg
238;58;73bdc1e381510f46aac391bddd99d2dee1f39e8d.jpg
239;267;39dbdff5337ff8bf555923bf6b4e7918ddf698af.jpg
240;206;e8cf4d4a50b7b5502cad2d1d36655f3734551428.jpg
241;61;46fa7d1747356d68ecae9b59cd6ae8086fd6123f.jpg
