;used_liter;image
0;159;0b3a4d2d80f3243e9d692ebbcbf473cd60a7eae9.jpg
1;130;0b0e8ac0988c95d07906d8f7cf947eb113f79fe5.jpg
2;19;1641828f956547d23f5e0e68988e03ccbc21305b.jpg
3;173;0d2516fc7be227d8688aafd6a342943f7e915bc8.jpg
4;589;132885b919ea325c81577fc5fa5f645a2d490eee.jpg
5;276;2096d4ff8fe562da8fa3417b11f85172c4f43765.jpg
6;220;1f2c2859a20f75ab6004571c3fd138aaa9451800.jpg
7;39;24b8bc932bf6155012bd77ea1b5f984e425ad903.jpg
8;507;08af6dfc8a771eea67e7d84f8b52ef5c34f5803e.jpg
9;35;12178e7d13e1b4880e47abe67bd3b8900fd6b09f.jpg
10;208;21b0a948ca0a617a8eff48a704ad18d28404b6bd.jpg
11;427;19cb059e95f5dff6591e60953261b5f5d90d1c43.jpg
12;437;10bd31674411eae74ae8a612132f9419826ce572.jpg
13;511;2248efe519ce5eea0924d62e7241201a5664ad32.jpg
14;835;230de6be6732f64b8659205a488a2bee29bcc7a4.jpg
15;238;178b2d5e2683158c9ce6f75903779b032bbb71b7.jpg
16;350;193449c291714014883a34188b7595fc624b34c2.jpg
17;603;0ca250d10a9da4ff8700393fc88e8105c5eaed77.jpg
18;139;1bff14455bd5df7b92ad9f85fa978949a2a58dae.jpg
19;209;1ee3ce1310f51ca9202af1c06aba93dde9b21eaf.jpg
20;386;223d7f48f253b019b29aef531cb473a7e7e860e2.jpg
21;515;2374da771c6228367278d23cbaa3dd29e44bbd73.jpg
22;112;1bbba257e0efcadea10232a26574ef14a457c801.jpg
23;227;050c420e7413b66a1fcd37bba764890ea72baccb.jpg
24;281;18a7a50c941a4c38c37558e3bf0da80e7bd1ee33.jpg
25;545;064cda8cd77fd9493378704c65aee64c6292b2d7.jpg
26;390;08230957355653665017adb6cf7ef6ad88dc302e.jpg
27;408;0d66cd1fae5a81f6e7104c60fe866520ddc81ff5.jpg
28;465;20bd861137f810a2cfc23f4ef3e584ff063e1d28.jpg
29;272;0fcf2526c1bfc27fc1ecefe4a8b89febfe9080c9.jpg
30;76;22263baf3f0d9e912d70af7375b5406ccc2d8d1f.jpg
31;188;194bbb49fae63141dbd116d661901915ce2ccd63.jpg
32;41;1f1cccce09c0e442ba5c46f39e44a89bc8b80f8e.jpg
33;107;06b3746c49d35ede4a7596d3617772b6e98901d4.jpg
34;27;068d587fb1f348bd5ef276aa4171813036d9e86d.jpg
35;438;0a18931b7e7937e4a5309df6b64ab8256c9d3717.jpg
36;570;0c97c1d8f92bfaeacd9cefdb69d40f780f436e56.jpg
37;164;0b99d9b94ec924c4f22e149b06d59ba093cbb21f.jpg
38;376;069556c953f716cc1eb384fb8e53f4f4a75039dd.jpg
39;222;146f1ac66e99833a9e5ddd2b981dc46bce9f92a7.jpg
40;478;20fd48fd5f149a29b8559ce4d099e1be646ebbe1.jpg
41;131;0e6e213fb443ba7538fb6e9e8ebcdd328fc50b12.jpg
42;131;18d49de79ad6e9563d9678168abaaa9c61fc9109.jpg
43;229;0b21b4461483bedb04c0aa7032af8fd6deb6822c.jpg
44;231;017df8f9b48cc20cf5ee441cafea979ff33b7058.jpg
45;758;1d33e7a165b1ba6479295e448395a6cf110c361e.jpg
46;724;12c4638d457370c3b1dad41d3f42f7c3debf3f94.jpg
47;437;24379f15f25a7cb9d465718c29a9ff9a23613fdc.jpg
48;33;1d208291eaf0b30664be2abe045d05c8c8899d07.jpg
49;417;0b2a5c7487bef747821b048b6c7fc434a6efadd5.jpg
50;15073;22256efccd3fdfbdbf7b55c070ecff56c9238f9d.jpg
51;1573;1a85966bcdfd95db645163f5b619904111ed37ea.jpg
52;187;12697881ac6aabb99347e186facd8d07cde13ef3.jpg
53;64;0724c0a3014fd56f4a8c51d8a22034658c9e04b2.jpg
54;236;09e1b7c655dd72b2762cb1f9e0652f2d07b4cfba.jpg
55;39;0f32f34abba7b6febe50d732a89c5aff851e93a9.jpg
56;439;0f0566ad588624b7f5ffeb460d462563c0c32bf1.jpg
57;67;08538c75d6dfaa47b15cfbfd58bf95e09d636c44.jpg
58;898;0eb7b846026673bcb243353f412eee85fae330cb.jpg
59;15;0ab8b1b15633d645e80c911d180d5165771ad1a9.jpg
60;317;095651fd20486def092e0b9b4ce85ebd4fc479a7.jpg
61;49;108cd37cd6658726257f466837399f3c447bf65a.jpg
62;174;0284a5dba2bd6e958a287b32449387533b722dec.jpg
63;995;14344c4246d229804d3d87eb206a6ec13048d89e.jpg
64;465;075a2172281f6da88912896c1985417ad15ccc10.jpg
65;646;0ce2607526f278cfbb3266a23a3b1b931cd8ee4a.jpg
66;472;12c673b33011a63228c0858412f652deaaf978cd.jpg
67;443;117d1744bc5fe1f3aa68882d5c20a756994310e0.jpg
68;381;051fa709d1b2caf68c4683a0ea41d5abe53350ce.jpg
69;150;05fbdff09a9b98b3f6fa4beb1af501b6a986b959.jpg
70;628;2430d42d39973efa961addcb1bd276ad2aa428d4.jpg
71;47;04981e7c347b9d14cc0c9143bf50d2d09c001037.jpg
72;130;1797eb1d21666fe814b61039df19163e8b1b900d.jpg
73;157;116b52877c1b65a9748bab354d48bef389291680.jpg
74;180;00e3652854b16dd2b15cdf4c3c36cb819f7a86df.jpg
75;164;0767bd9d5feed87810f5b29ad8242e0a01336403.jpg
76;40;18a230b468d372b3c3e9fe8f686fa9b46e132ae1.jpg
77;381;09aac96d4eeb4081af2888ce8d3a2afc8e8ff58d.jpg
78;220;01f556a0f4a7ce5e409a52cda5972e782fb6e412.jpg
79;443;09c223f1141bcda92a367b1d5fdda77debf21e51.jpg
80;202;0200775ca9fb003f18895c64090bb0e23da50c36.jpg
81;317;1a09a063b9959753e2745d434c76385d81bcb5ad.jpg
82;10513;028fe821863098a8dfd47391ce4348b41cfe85bd.jpg
83;227;0f1cc56511810d8c0ebf58f198d12755d3a7cde0.jpg
84;33;124fe1a271e9ad08eca349deec473452197bfb5c.jpg
85;170;2064874391f8b0a43ca8d3fa936335f8a81d4662.jpg
86;10607;076845cc6ada2e54664c07266a535031f266994d.jpg
87;172;0cd196fc8f6807982b83db01bb804affbd904d69.jpg
88;298;096c4a924e3e89a7e7499c6e5740c90d34b59005.jpg
89;28;134cce376099590d63769c22760dbac3386cee92.jpg
90;62;0c1d68141e6181b3e1c3e3b5f0b60a3f074e7d83.jpg
91;23;0e0d85dead28c1bfe73e4adb9e84db171e57bd68.jpg
92;960;098797b8bb1eb450d757fc9ad039da3d25f1bbb7.jpg
93;508;12ce2c3fc843a5454c1741729b86a341140376fe.jpg
94;62;09a7fcdeef5012e5db7aadd5d0d283baf2b29980.jpg
95;259;0c737cfb3488c3bc9d40bc92f500e1d069a3f429.jpg
96;1513;233cb78dd99b5514c9ef55700f3136a809577e99.jpg
97;156;219f9bed8e1d1d89ec35e657244214a57d963b3e.jpg
98;190;0a5dc03b2c5627b15257bb2ef8da800f981ee8df.jpg
99;391;154d3641264cf6170a1279f64cd516b6d65effbf.jpg
100;120;1b7975123f908340d2f41a7be38a2b538a12b1ac.jpg
101;72;19c9c0a5290c67a4807c410b4bcee7f55b5642c7.jpg
102;261;245ee27bef0b998fcf7e20062e05ea8d293b2659.jpg
103;59;054e3dee3e17e20c4d1431478210e3a576c2c6e3.jpg
104;257;00e2a1577a90cb4b29629594e3536c19331f4be7.jpg
105;317;15e0a2a2d2c70dabebec734a573575359c3217af.jpg
106;337;1405bf608bf5de82a19fa639bda4d7274c0afc23.jpg
107;290;0bb3378985a8dcc25f8100d44dc267233a53a3a3.jpg
108;1210;08a4ed68522ba8aded25c01ea9f9a269873c3ddf.jpg
109;160;092aff77b06c794759005b1f65e6638d18a2c3ce.jpg
110;373;1565640eabf6fe0c906f0dfb541a6b4d71b597e3.jpg
111;67;1f42d9afd1d2c102a516665643d9a914f03054d5.jpg
112;18;1742feab1af3d2ed7c49d23828d182538ee0aef8.jpg
113;452;0a22ab2605d3f64e72b6bd1d35be530fb51dc58b.jpg
114;198;237d340e660f3959715db8a4d15982d5d8d6d2c1.jpg
115;53;0ee8ad9a01cd77d90ad1b0e1a41b005d0c20f9e5.jpg
116;1415;0c294326d73c67d5b11eba03460799f179e50a29.jpg
117;70;148fe878c80d3a03321d1cd5ad8f891277a0b8f9.jpg
118;151;1b21bc37e3f28cc1f2c6cdb66e9486694ba3080f.jpg
119;426;1bd9a3cc189b104de643f3ac9430965841d96030.jpg
120;21;1b0ccc10105700dd6602616286e7e9de8d16a53a.jpg
121;618;18ebe6c742e2de8966037c7dfeb07bad665381fa.jpg
122;90;0db2cd62438ac7ac9f9eabc157651e3a868f798c.jpg
123;26;1b33607a95e0ac3f80252e09e88d21757bdc9f97.jpg
124;258;10c1d3fc891282f3765133f9d8084a8cc2fbddca.jpg
125;176;027d31f2c5313e06254692762cdcd20a27b56cfb.jpg
126;500;0c53a5879ed8cb346dd69066a71aa4297fb9e346.jpg
127;548;0fdd3bc1b34063db6dd6543f1213fe3f74186051.jpg
128;1836;0ed549a2ebfaade65f6c15121f2b3e16a3087e7e.jpg
129;5003;1b6b1a6637dfd96e19ce8b9e176e23fda4c8e526.jpg
130;20;03feaf4324cf22fe5cded8ee74bb468603afa13f.jpg
131;526;0d7710c237d15a80fc2391c93baca3bf3fdaedc0.jpg
132;345;08d557b3e2937d5797b5c3843e9212481e334a56.jpg
133;205;23d2425055e4327b29a778037a9a34704520b51c.jpg
134;132;24298af8ec215d89be9393c660728487a80e77a2.jpg
135;287;05bbb46557babe625358e3b69efcd1b526a0beba.jpg
136;147;03806bcea1d1462f209c619b287e72ea508f73fa.jpg
137;190;0882abe04fc5c3f55874d164db774b7d4412c38a.jpg
138;430;1661ecfb17c6f27b4a6962d1d2e75084bd65b9d6.jpg
139;1283;0a613d5f23543c9e15a583125d3325921519628e.jpg
140;181;23e0bfe1c264dc315fd4c55fc284fa954ae10f4c.jpg
141;696;014974a52225ed05bceb236ef14ac029e97c0b6b.jpg
142;572;07f07cbcd335fae6e77b1a68aff9ad447f382aef.jpg
143;542;190d894a8f2ed2db4daaff13f1ab03d043eb52ea.jpg
144;143;111f72d8c171ca0c45737936d0b1e82249141814.jpg
145;27;2219d1306da040fe94ded353f9cc7f69835db7dc.jpg
146;254;07b1eae66d7c60e0d3538e5dcc1561976ca8f675.jpg
147;158;0b92337c3e9393718593d58b41080051a96ed325.jpg
148;24;172bebea2291b60bae229aaaf0229695fc6134d5.jpg
149;117;02ea7b94a321bade5cbd00290b2ded9c8801de60.jpg
150;345;04b490e3188bde63ee5082268e9ed8c7a8189057.jpg
151;1326;1e7aedf1f252482768bd274e22405ff258613c75.jpg
152;132;1480b2eb6647f0672be26d473f6f42ad6be2ec9b.jpg
153;418;1d9d6e63f6074a1a3752063850cc44000424e33d.jpg
154;242;03fa8ca9066353e0320095c3e7b92ebe940174d0.jpg
155;980;1853d971ca1786b95684edcb710f1ca3fb13266b.jpg
156;32;23a5c024c2801725ab743f5221828c95f13e2db5.jpg
157;30;10b75377de3fb8216b3697c976b02665ff483326.jpg
158;22;0951f7fbe392696470a826feff13a22ec41ae510.jpg
159;203;1ac62bef976a77b0d4ca0c46a64a2f8fab1e0870.jpg
160;291;00d21e622b58cbd17e337ef234e2e72da0fb8e36.jpg
161;294;00e03f0cddd329fe678435e0a2c5b06b247f229d.jpg
162;459;17a2ea5b7c6cdea9136b3331cd78a9067d97e5d1.jpg
163;256;0cd48fe07302efcfe6ab5384f089d9d9b2c2d45a.jpg
164;677;170c222e7cebbd970afe135d738f667a90bcab43.jpg
165;217;044182a48e37f58342fa357790a9781a2d897692.jpg
166;152;05f453ba9331b563e73ccc748fe0f6412c0cdbf6.jpg
167;326;1a6ce088ea67690ae79a671291ce0348b597cabb.jpg
168;265;0462ebe0e402a253a86e01091fbae748686fd781.jpg
169;107;02aa9999db4bb0f912b43ea94d430afc12525676.jpg
170;579;13ba3c7512c8a7e94e3ac4116fbcc9ce89551159.jpg
171;72;1a4da3b38178a629c881c985e0bf8221b0ded630.jpg
172;1116;222cde4c28473849207b72f87f8cc153a6361634.jpg
173;277;198673f7d2af3642f30334e3c0743dc5bff24dbc.jpg
174;274;13523cf85bc9bc5cd9b2794d2760f93f58803094.jpg
175;17;017cfbf09f01fdc115c42e2f73271e62a34588a5.jpg
176;148;0e2877061aeee84dc88f75a35307ec807a281445.jpg
177;205;1f1445a0e69bea73718d3efe4bfe2d6cf63a913b.jpg
178;1364;09a972e397e0414cd7737a2d89c6fa311879af22.jpg
179;158;1cb8da853290b27f3782e59ccf00aee84a826e44.jpg
180;313;0fcc02175f45ee1c949f5a4855b33f8412ef6a81.jpg
181;6;1b283d315f4e3d0035cb4aac69b91f291d6fb5c3.jpg
182;511;1c6550bc2bb0b6a024378ae730c1268ba31d992c.jpg
183;935;1017b243dede653e00bf5c6233c782d0c6cf9b72.jpg
184;590;107ce6bdf2d5e98ea911d227378ad4ed4f9b1959.jpg
185;409;1b35b62cecad54ce6f5321d27ec11dacdde1666e.jpg
186;324;064f12e94dfac560fbea6f7b79cedd5607ae364e.jpg
187;925;15283d0042d11dd40f6b4f1b9dda5aa9927c3065.jpg
188;360;074f1d427a8835f8bc83e28864e3382099888ff7.jpg
189;89;02a8c11a87b0840b88ef82fa44c7c703bc0d317b.jpg
190;559;12567fec61f05f0494f3850a6d37191d299e1be3.jpg
191;641;05d92d39badd5260c456f53f4733f116f2ad588f.jpg
192;1669;0a6bbb3cd8a2c91a4d1f5b3d216914f974b0eb3a.jpg
193;789;2004644428fda69e526520156500f55f19d134e8.jpg
194;924;078ec45aec231759311e74313ddb69b594b45db3.jpg
195;38;1c2b36cac7554c245700ac864dcf4e7134e6b4c4.jpg
196;1469;1a89aef9e1bb2d42c0126bc6e2c9c1459d4ff64a.jpg
197;502;09cb4719f941f48fbc077cb98aee23cd20656c5b.jpg
198;97;0118c89e2864733deb3fee0c66475d7db4d2394f.jpg
199;194;2092a6222fc7cbd5924466494522e9a0eceaaf50.jpg
200;526;10c66e171a498dc17ab0b4f43addddabb93c1e0c.jpg
201;74;0756cf962c36c45784e9486dea77537ea42af175.jpg
202;148;24a5797c48c13fe101e51ab85833e457ef8f8e06.jpg
203;127;138cdbce532f828d95a0e6c971b6ed1fd497b6fb.jpg
204;186;13724bc4f252ce52793fc70fe776ea290ecaa2b0.jpg
205;258;0b27080893b04245bba64a48e5e824cabfaa0725.jpg
206;200;067f203cfc4092310749d9560ba8d60419a76570.jpg
207;139;21051329f6c8aee91a37efa1eac65d3224bd2569.jpg
208;834;1af707b38e50f910eab13290f286a46d5229df37.jpg
209;180;131d54b6e8bb70615b6c716e0152d882e34506da.jpg
210;444;125ea551744aa8d8ed23dd78be3ad0469000fa02.jpg
211;98;19a3649552d039cffb60ac3c0c570289803323f0.jpg
212;55;0b8aff69e8ff5b0825ae4fbd951dca542813b497.jpg
213;840;21ff27e07a11082f4698ced1a1655d6fbef8f342.jpg
214;221;0bb8b701be1d0bae1e7bc3d65ad87d5214001c99.jpg
215;206;22f0f9fe58b24fa1ba24d4232e78e2a63cde2eb8.jpg
216;398;0bbec09222fc54e9d86890d8a7212d1b424ea86d.jpg
217;297;10f8c17c43df51744073a9274cbb7e9797e36dd8.jpg
218;439;0d4ab92a08ebd1cf746b1f4db0cfeb1c653a668a.jpg
219;99;0c7a1ac33bf40bdc1e2832bda6b2bf33e727ed41.jpg
220;245;16545b3ccf3f381db775ef835a7b8b538ed7ca08.jpg
221;109;13ce617b8e2df190cab6a1ee2f30745c8afbd90e.jpg
222;43;0c030eeae398611e3abaf03ba0f7b8cea7a93584.jpg
223;612;0c417143800b4e692d0eda4a4a5698d3f2eda0b3.jpg
224;509;1531360520f1efee4815955388214e50d71bbba7.jpg
225;565;011e63c59f9dd8c989b3508153c95295b7adee2b.jpg
226;460;178d15b909171c2ba1bdd32da9feab1a6707cb6f.jpg
227;132;1c7efb7de74007ebc1dd2d722e5794ed1ce619a3.jpg
228;361;242abcbfbcff672b3610f599dbd43fab51b6356e.jpg
229;438;1b24864d751236ab5e52373a31b6962843e7c706.jpg
230;104;05380e9c98afc22eb511e4a77b5dcdc40c5b96b6.jpg
231;827;07cda0492a0fda9ce008fba1fe56bef07e31ef55.jpg
232;194;03676fd163d584a8f04dac1448ef3cfb7e9aa8e1.jpg
233;269;0f37995735ffd4411e0e56c272d8749bf4be2e8d.jpg
234;412;0633339b26993b181bdb18c7d6367aa50b87b922.jpg
235;156;157a9028232a4be30e78c11b66b005ab58d50432.jpg
236;299;2111b598700f9eb0f2f890f3357d29870daac3e7.jpg
237;73;04576c243149e65657ddc8250c7aa51d39abc819.jpg
238;1085;1ed957b8061205515fffaf3bc189d3f7e625f666.jpg
239;642;13cacd2df4f53cf2c842d9dbf6abaa707d6da992.jpg
240;859;0111bef56d605c549845e53b1dde5a11bcc18ee0.jpg
241;24717;009a6bc6738fc0db1463c7a5888385c4486358b3.jpg
242;133;14d46cf89c3ae0f5a7d0be37e12f108685424ed8.jpg
243;4004;0cc102b0db17675c7b9e0686162ebe14765e2f3d.jpg
244;156;1404bdd4df77fe200aeb2ab477042d60f2fb8457.jpg
245;317;04916eb91bb99f5d5bcc6d01f73daa2c1d76138b.jpg
246;375;1e6b03674d83c02d97aca0951e86e05c197aa0cb.jpg
247;643;211ab1c8087aee48eda802be2e7ec2bab723221f.jpg
248;319;0b05687013ffbb8ea0fe577304e8fce24593724f.jpg
249;328;11ae48df95cb25f402e7d21f8148bb87fff5c0eb.jpg
250;34;14d570008cad252ea91ac0e183fbe670bb42c497.jpg
251;380;08e86333ccb1c823a105a90a1a63ba1238708502.jpg
252;301;17d3ef0c9b312a92a0eb8bd28f08044c20a76384.jpg
253;166;06e2673c391ac8674148271bd585387824105973.jpg
254;230;1b8a86ee50cee5262ca29f1fb69a2e62c8e72a75.jpg
255;291;1eafd8cdfc3830e18edbeeb5b02abc39eb516374.jpg
256;1292;1cdf05f1eb0d59648e1beb268a47b26eeb37c5a8.jpg
257;77;127e8adc9ee0d54e37eb9002ff4c27b7f62f1cd4.jpg
258;160;212bd54c3cb58aa4a3ea3c8c75bb27a0b4a4ef73.jpg
259;113;050f74feb8790c4327c8da8427310bcd43199514.jpg
260;450;17d66171d3fa7d386fb4d6f335895fff1f13572e.jpg
261;319;00453b6222911e568e9cf7e3d5a3779d89ecc6d4.jpg
262;298;05fe4fdaf71dfb82d34c4e8efb184bbd8baf147c.jpg
263;459;191ec48a7a7acbf24fffb4f8137614516f9d2db4.jpg
264;136;0ecca9291a3b8966d87f4be54f63067bbf806276.jpg
265;204;1837448e3050282486ef37b41d1432de4cda6db4.jpg
266;32;08c3b2852c917d3f4a5b8ffa325826f460fc2a23.jpg
267;420;0fcbd2e6cb4cd0b6e8c3fad2fcdbd76c79d20507.jpg
268;125;18dd2837e3ccd42a3e4ad8a760f243eaf81a5902.jpg
269;151;1438ec90486d802cf060b40ff86c43485444dc4a.jpg
270;166;0bef3ee17b2e3c829ad8f3c0c158121668cbdf70.jpg
271;166;1e4a233b4e1ba64b79382b6f7ae707cf6a97079d.jpg
272;469;131fc9ba5bbe401b79b182fa0ec5b64cdb3742f2.jpg
273;790;18a33b188043c17b2783e7f876371f3e2bdca243.jpg
274;49;0343170a3aa23c8bbf27c3a4a284e581d08df591.jpg
275;270;1c1dc6f2604ef4e9de9ad6e55787491789e6117c.jpg
276;21;10a3a6ccaa0e6d5fda965aacc5ceb1fc3af3713e.jpg
277;1462;1c38626c9cec9e2bf5afbf4bbba08b544596efdd.jpg
278;420;01ec4b5850149b6802de4121b965e1c7db4056a5.jpg
279;28;1c9937960972e846b66e36676ea6fbc82f0b780e.jpg
280;5006;20f6d0c8e9928816869192fd76d836e938204168.jpg
281;96;09a0e11d5c8461ce8adedb7bef3a895a0909188a.jpg
282;64;1112a2f60066889b02c7e2d2112daafb2d6d3673.jpg
283;451;04cc32efd5e6d77d13ba841ea78b7178b832f399.jpg
284;165;2338c0bc70d8fdbe00d8508c43b2733f964d4e1a.jpg
285;93;1ebc76e8c9a2658c2f3cb540523c6f3636c53304.jpg
286;160;0ced30b1b8f49ad69aaea1ba933ae3164d148cdf.jpg
287;227;21998a8d8f013db46a5977a4238208ef4d1e7ef4.jpg
288;256;17feaa788490d8beb15db82f6c1b2fa13dfd5699.jpg
289;29;087c739fde2eeeac435ff0e073ad013ef8418e44.jpg
290;105;0e33619e88f6a24fd8282f54a15345239e50f59e.jpg
291;210;20a04ce2af460b6a4b1c53cd77beef57ddc64cef.jpg
292;471;0fc284404ec69796ff805c5aef6375ea7f9a937f.jpg
293;258;10a2c208c5a43b862424531ea3282978ed21d3ab.jpg
294;375;1b42024654317e1daa1977ff80e901c524bb037b.jpg
295;113;09eafee848659dbc8a7670000be99f39ea8d836d.jpg
296;664;0f89d814ff07520bc19195bbfbe6a42b12d564ad.jpg
297;1373;09fef6d31e20e68f10ec4b17d3b279c5cf65c7e1.jpg
298;195;02832f8a9acc1883305d82d8ecfd4fa28a7a8701.jpg
299;463;00201faada9ddb1eb44736b913ec0af2334a8753.jpg
300;42;04c86e6e4fada770dd12088f3aad5aea8a36982a.jpg
301;1025;014c54290b3495a7c075f56007e9a5a676d9db36.jpg
302;412;1a8d788c53f27f14cb8c8a058fd9313e9513389a.jpg
303;109;20fb177feee007b533c79d1ea12799311f538733.jpg
304;570;0fbf8787cd061dfd660a15c5dac53b80cd81bdc6.jpg
305;655;046915790f8809f7cd3411a1554b634c26607244.jpg
306;163;052ed1178b1eec87a41c258213b7b0f38c061774.jpg
307;296;04cd228e94a3094396023acd5340cafd61c55a87.jpg
308;1510;150b224891fd30843ec1a47a08dc1f8c2928449d.jpg
309;401;179d7eede73fe46a2f25173a69171ced81b73f0d.jpg
310;343;0b033087c8b06e0dca0c65135919289ed1f1e182.jpg
311;411;02c89b0579304210fa9c6a3fe980911aeb39fd81.jpg
312;1593;164756303f39885ca6dbffd77c205cd12f0cb4aa.jpg
313;200;06f04062d6895acc73dd4ec7744faea897eb033d.jpg
314;304;0a0b9eb2977776601590d11dec258f73e438ffbf.jpg
315;49;0957026bec4ae78d3c97453d3a123ea5e665d282.jpg
316;474;032326a707ecd3b190fd16168a9e08b7d32cc268.jpg
317;271;0ddcfdd40589a33e4136067cf492ffdc9e07a1d5.jpg
318;228;1bbb6ce9600cd7fb52e9ac9966dfe10af88e2b22.jpg
319;176;150cabc4e68466f11bb403223097828c3628e8a0.jpg
320;523;020340015a4ed64ee77778fcc03a4f5328f0b38c.jpg
321;570;1dbf4dc591b9b22d3b89001ea14d26b7ea9cd38b.jpg
322;97;0cf925671c34792f031257e159feaeb8016bcad5.jpg
323;167;20e90dfd0bab62f953cab7e38a0e91dfb8f26840.jpg
324;413;0dc0235181e24f690670efdbda66bd87e963d8f5.jpg
325;12;08f300ba501d6346d58b23336c16355270800279.jpg
326;394;1478aa48234591cb5e9fc177ebbfb1f0fbccedd5.jpg
327;198;1f6e0dffdb09653e2a6ac24546459e1e0cc48d2c.jpg
328;1046;1d9a27cd438bb013c50f4d3523f2e6a05ced842d.jpg
329;1164;15613338542626819bc768d4e8724eacb004df7e.jpg
330;498;20d149bc78e2263e353546a7927a8227987e3c1c.jpg
331;391;019228fe97574381d8068ef17f299419d20701a2.jpg
332;308;1de41bac533d798fe51e57fb3511e4451b88490e.jpg
333;321;0ff0705288575bac154c8e080319ca980df566c5.jpg
334;33;0fc5822b9c794a59e16b66f2d7cb26f86c9c679d.jpg
335;320;11e1dab19fb4236c8e1f09d686200d8ad1adc53c.jpg
336;383;1201d7129bf7c7fa8b78f70ff259378c42b9cc2a.jpg
337;461;158fa0cab1749d94ae710e1915b7e174db8d7dd7.jpg
338;225;04f3fe77010cb4e3595c54f2d0ea1e50a54fd184.jpg
339;2247;03c937be62605bcb0adf4c097117294cbe1f2377.jpg
340;1928;18a755c0cb0ba1fa3ca75135ab196b1b68e77bd2.jpg
341;51;1dc6855c4d48af30badd9ba97edeb06636addc37.jpg
342;273;03b1e01ccce98f8b9646afa8b75ce81e90188a72.jpg
343;211;14cfbc851e66c9567badc808a7f3760fdb3d5f2b.jpg
344;8;207b6d021ca23c840f306744203447aa47f021ce.jpg
345;13;04443fcec8da38b2c49f719cb9a454799298fffc.jpg
346;158;1ecfee23df8b08513db6745b053c2196b14ba009.jpg
347;36;1235d91d9ae68c33c15a220d4bcae117d8dea312.jpg
348;34;16ee2a8aaec3d18d12ba890736573a10bc99b856.jpg
349;646;14a3cfe151ae4eaa4692baade4413125f4681b9b.jpg
350;485;16b1c77cff79e5d7a7ef08534102dc78a988d9f5.jpg
351;107;0736eb520b1c2d55cfdbcbb88e7e0b3338605eae.jpg
352;126;002cb910bea6ad00376f54f511e28b7fd50ce22b.jpg
353;555;1fcdc9641d6a4cc2403abc201842b7a7d548281d.jpg
354;280;1d2e59191d6565f3336aefef5facb304f926369e.jpg
355;206;00ec5434fdcd579455fc17dec1dbadf12bb82ca8.jpg
356;504;18f8c56400a2365cbff7bccdddfb8ad65939a7f0.jpg
357;251;1db8d3ba56ef8f6b5b2bc17a053a97fd062d73b1.jpg
358;225;23832d9114bb92f2b1b60435a5d92acb8ba5c6e5.jpg
359;352;23c7beffd265232fbd4199a62771bf50fcc37565.jpg
360;516;07712e1104e8c6a27bce1968a15ff4d3550f6619.jpg
361;604;1f8a351df29d5b88ef2268d88041d38fd499e9ab.jpg
362;308;1a8cb3792f17cbd6e05091cfde1f388ad4513b67.jpg
363;208;16d14df3d94a96505ee8678e62b5b3674ff397fd.jpg
364;294;0b61a7787b94a31f99ebcd16b368746f58bb59c9.jpg
365;376;15b40c965ce92c75e708ba943a33ade537a948ff.jpg
366;52;06a50ee6fc327e14ae45a74928b5665931709706.jpg
367;424;1ec90115af4a7330582992771dca7507097a6f00.jpg
368;19;1cda9db0d95188f2970e27dda412fa35ab329d78.jpg
369;54;1d52b656e3bb879e5644a79e65a22f09808a1e9a.jpg
370;218;0349dba6d25340f74352f091b58cf20c022b6048.jpg
371;26;1f93ff3097ee0033c070f0cf42361ae7bfaa6da7.jpg
372;472;192e989505eb81e1e5ea6fce7b66db6fd77c2954.jpg
373;689;02d3009763acc7e22b06b62e540a3a58f6fe60b5.jpg
374;298;07e28b4785410e6d33e6aea3ed73a579798e72fa.jpg
375;327;193ebbfa7a4dc8870cbd05ec111341f0ddc2f36b.jpg
376;277;09de8a39402f5267c2f14eb36f8a1e0b81b02de8.jpg
377;270;095511152f0eed8d51381b152de6c1ffee20cbda.jpg
378;406;0f7d2b767e3b2330257170418a21c2641c1819ab.jpg
379;176;04a35913839b954cae5d2fc25f9fce704d64f0aa.jpg
380;390;0de01399b9687ac1779f218240674a23dca34f29.jpg
381;446;1aca0e4dc89b11e0f387efd5b81403b758c0789c.jpg
382;162;1b65bbbe10dc4ef98f7d3ab80e29793058d12c42.jpg
383;170;02706a72b76b4a1c6b934a322f2ea4119b45e2c3.jpg
384;584;15f468569148b437a08aa98a08b0b041e85b9d69.jpg
385;139;08e2a518e1d108307bc50df7aa4ed70951db76d7.jpg
386;805;177b21b14e08aca583ba39507a0b07008ec4f9c2.jpg
387;37;090b187d78b2265bb80afea46471189069b9824c.jpg
388;122;0155c4043942a53d06fafcf63903ee55b316f561.jpg
389;702;19cf2855e2bbb2da58e6991eca51fd95cf7cc4e6.jpg
390;15000;045c6ef30d1cece2e6949d1582d6d0a0dac43f59.jpg
391;419;052a496b63341fbef253b755529ff9de57cb3b5e.jpg
392;215;22cb47f9bed1b2162035f5594d38cb127d9dd167.jpg
393;625;0c2459dc0290c2c4a5418d9b6ec2071b5c5a46e2.jpg
394;628;1d85a0a8b31d881e59ce1d572fd90995cb59b1de.jpg
395;451;1b1de1f9f4702f403fd2905725e17fdf44ba0b5f.jpg
396;518;00d9a3ad7bb2e8f9764d9613500d4259de421029.jpg
397;56;06137905256f807609ee9ac6cd54657af047e300.jpg
398;305;21c44a8ba1419147019443910e9e6ed97c44852e.jpg
399;403;138253f09ebd7ed510099f2abf09500050007c4a.jpg
400;307;12797b1c2e411b233e5423c9447f22260a5be470.jpg
401;333;0012abebe68bf69ded23bcb978053aa048c4f59c.jpg
402;566;04bd42245bda68df1e319f1c4f05207ae2828bfc.jpg
403;142;2075c9b18e93375022bf01433d7376c2f7fe0834.jpg
404;36;14f1859443a0d56408b7e3b6ffd71c6da97771b8.jpg
405;35;082ea4dd814099f59c12e4a59b70560f86bb6c74.jpg
406;347;15d1cb48536ee82aaeeaa609553417c0e954bf8b.jpg
407;35;1073ac65f66231f4cb82a15a4370efd98e6771b1.jpg
408;345;15c49cf7f9fd71fb92e56ca536e36d38661a7e48.jpg
409;430;1e3cf131d4b357ebe2afdb800cce4b0e8b1b4fc0.jpg
410;402;1d44f66d0970aed08062cca61c3ac04366625a0a.jpg
411;273;12b4645ae51a564583d482d07321e6ecdbafa04d.jpg
412;151;07d1c3830264b43a9326aa428fb41e043a28ea61.jpg
413;331;157b9be972fe5ac463427fcb21cc98d900b6d112.jpg
414;259;00a85fb742f2a719b00d9f4d9801b72fdde8449e.jpg
415;545;2175e520de3161f7f4df9ffcf505afb8cb042ae8.jpg
416;777;1e7f2c5b80fb5bfd4e093552cc268fb0ada5eab7.jpg
417;131;06db3de79dfb193990079ac94906123fd90e45d2.jpg
418;629;058c306e3e0b258833ba0074212c7cc0f9d950a7.jpg
419;7002;00ee9f767ac314b4e7c32a467b929c78fa66eee3.jpg
420;335;06deab67286e1428ee084047d6d32d6433abb7bf.jpg
421;331;248a0c28197aecfffd2b8da90a016986c095ff6c.jpg
422;273;20d3c9dc637dba4e408345e9020d82b9ed625b3b.jpg
423;937;08916bd3701c840e736af88e50d1d10d6e075cdd.jpg
424;280;06d67bc78feb3c9cf95dac20f33f28d12a59c5d6.jpg
425;117;22446873faf7b25af4ec516e7726aa0d38de708d.jpg
426;299;0840dcffa6fc1e2c58aa0d5ce6ded1720a1596a5.jpg
427;127;212ca186f1bd7230b5ee66cb04b9af6128ea979a.jpg
428;692;1e291d51f7a814de51c969c75e52e6634f73207d.jpg
429;85;035c65ac9672a0f5dba337b67b696644553b057a.jpg
430;70;0f389d80790f51c2b1b1f722aa04750c6ccfa37e.jpg
431;597;1d9a320d8524159ccc4786817904fada6f5e99ec.jpg
432;419;1674681e0ee2e09a9903a66387d7cf626d60762e.jpg
433;2054;1baa15cc5c2d1103fa3db76a22ca556686359a34.jpg
434;359;00e5dedbe22f45fe70d2c9d32b024b20eef94e52.jpg
435;154;13761fb582ff9b5bdec87a760f32f4a87487204c.jpg
436;200;0331dd92a9820ce7754fffdcbc05fb74fb9c3a35.jpg
437;422;1f3cfcb59c04121313a97099d8098290aa6b5298.jpg
438;352;0c0a16af6d9158a1548f8df04fcfdb658f43f0c1.jpg
439;80;1b74a71be6495139a0fe07cb9cf5c65ff68fa521.jpg
440;235;07f33fb5d0eae66206f2d36af93578c632e83ca4.jpg
441;186;1836d6881865ab8f4171e41e4f19649da0e6c958.jpg
442;13;006ebe285826ecc7d72417a0f6b9c225ce6cdd5d.jpg
443;404;03a31f7d551dc9fd1660ebb3e82b0a9a3bc0dd15.jpg
444;440;189866fb944a75d2e3dfc41bf5d96bc987771e81.jpg
445;167;0927ca7753199655a711ece47b354130c9d36b65.jpg
446;460;21ab9bf486a4936195673b561a4c2f4fe52e54fc.jpg
447;612;06d9712389d5911c4ddc8c146992a5fb076100d2.jpg
448;498;1284807604dc11acd5ccb5221a1c4f8060fdc092.jpg
449;1392;21d0ae1555dca0556ae3d6ff3737f5c2c5bf8e85.jpg
450;166;1db6adbdd6c770602efc7f43d5687f8dd24a2514.jpg
451;460;21194b95143ebcad0e1f7d4d7081ba157e58931c.jpg
452;1727;103aac0b87eabe66a2d6a95156fc745ab0bb275e.jpg
453;581;04507393dcca89f9260d9b27d324064f0bf4f34b.jpg
454;204;024a6dfd7797d1caa6c8501319c0216c81760230.jpg
455;11;119d61f695c7bcc0155e62b777a6c8facf85d725.jpg
456;21;1397bd510463835a105f291c97b2720fe8d5d478.jpg
457;241;006b53dae19b105e777ece5b72c18b1af44eed87.jpg
458;112;20d8c327923f88f82a021580c8ea5826d6b0f414.jpg
459;110;05228546d2d4e56e734a08d49ce089984bb14af4.jpg
460;211;20bd843263bf2ce69ed01a157283b99862d4b8bc.jpg
461;91;0d45ae709c46b89e520ba1fa9a75d0c81996b821.jpg
462;572;0455696f6acdfa779e6499681138625ad9b8a14c.jpg
463;34;0e2cf95fabaa1829f9321c3bad3121a31525b2c7.jpg
464;382;23a08bb2bf18ac1b3181339c57581abceb9882b2.jpg
465;286;01fea40101d11d0f31dbaa13bfcd9c64e54cec2d.jpg
466;43;099bbb7448857f5315055de67147f5e94e78b26d.jpg
467;181;1dc4ac0cdfb6c25ec088d8489a883e68501cd5e1.jpg
468;545;1813ec1a09f5b2a73d18e1eb09746052d014391c.jpg
469;1650;1688b47d0a23688e729b6d00bf2837c49d778c2b.jpg
470;213;01ef00a01ef527d6b6f5c140f607738ed3774a69.jpg
471;405;02d5ad8e1f4ad48551be5be97c15d2b4b3d15e57.jpg
472;608;1361560bd32db9e1cbee53d9c728eaa293b46a26.jpg
473;263;1d3a41a075535a4ef712d449b5d705d573f5c0fc.jpg
474;2411;1987b69bdee7fd737b6ef22f4a2b62748b08eb5f.jpg
475;158;18822744b2b55a41c7fe57c6d16c23edece0ac71.jpg
476;36;1868248d56c2e75dcd841544a66d013edae2c0b5.jpg
477;623;1145d8ae5237080df45aa2e97c37ee196238444f.jpg
478;287;2332d1627543608669a0f1db266cc72a1d7c514e.jpg
479;63;1bac412c7c73ea0a17b45c27710dbd22576fbc45.jpg
480;226;03af01a5ccb4664da62511b5b3e4bf95ed78dcf9.jpg
481;669;1d25f3ff8bea3e55f09e23c1d21caa7d543d49e2.jpg
482;940;0ae0981a241814194af1fd526d8ddb4d8b70ef20.jpg
483;65;1c2ae66571f17f98ff08a37776a4efabf0de32ac.jpg
484;121;1dbb9b728db0fef0dc4cf07d930cd3c3ff113cdc.jpg
485;153;0fb76e8e80bfe317b65549c7b821829a6818b8ba.jpg
486;1689;1e3e887d7557b2b9b26791ddafbf9bfa3ff9941c.jpg
487;427;1e397129828679b8ebf2d411904bb94c96ed9e16.jpg
488;283;07e7cba1c49b53e0e27b4e2458e4eb2811068fb2.jpg
489;324;04282e95eff6126d4ecd9c32946b1dd280b6305d.jpg
490;287;0276fec5341493604d504bbced78048eb4d4458c.jpg
491;223;01c586a7e071906d31c51ef7fd3a36ebd9f10f7c.jpg
492;38;05545a39a4e547f791161eb3c47de05bd2f59d61.jpg
493;69;140625702c0e4e490bacd73b406a5390e85cb78f.jpg
494;133;1865d02ef2c0747906c8a8865b6055e900a1493d.jpg
495;201;23230b13bffe9773df84e43548b23d0ebbfcdbd8.jpg
496;457;1b8df7be37ea2b627dd1f49ec2147a73d9f6ba27.jpg
497;143;1a60af2b71b71182b62f363fd006be111c06a5c2.jpg
498;122;24bf3a8d7298982dc0ffce1528cd502ca8fcbd19.jpg
499;379;1fcd6f625bccd0b97fb275accadf54458e857089.jpg
500;101;0e4441bf13e8d987850bc59ac64e0cf024b69610.jpg
501;42;1e7996ed8ee470fae42e787ac1d19a55ad7331bc.jpg
502;618;21b78c6ab38d247a40229714e7799afab20dd430.jpg
503;130;0f0ba62f746d5ad12d0fb88bca72edd1d84388b5.jpg
504;211;00291f5046090ad5d749d6fff4ea00ffb0e99b75.jpg
505;55;1c91429c8775a5682319ade3dc38d78a38c1981b.jpg
506;1609;1280a878b9f721985587942cc050d3a67f3ed95c.jpg
507;165;014f6a44cecead03103bcf791727a03799a86bc9.jpg
508;91;11f21eb9e9d0f1fbaa81c54fc8739341bcdc9679.jpg
509;370;197cc49d0d20c383ced695f4737ee75f4fd3f1ef.jpg
510;167;229f151c6d710e03dc5ec5cc3e33df4c0510f58b.jpg
511;167;20fdc48d974ae4aad3069770aa25c87fdf4c890b.jpg
512;136;0e3770524a22d5684405dd25ca9c0ee4e6e6d469.jpg
513;1361;03fab0e25991a811c2819502d5255e159fa652a7.jpg
514;506;1f6a7a313ce15edec940403ec032aeb691fe1209.jpg
515;47;1775fa2a986b68bc1876a1a748a81f0b66d49106.jpg
516;248;1d4e2b287a5af0ef6ac9c0f5472dc266bb32ef4a.jpg
517;237;09ec235689f74fa00d7484ef687f55edafeec5a9.jpg
518;230;1aaaed9b9d0ce230534dacd01fd737de2049d7e8.jpg
519;211;10ed2b4fedfb81df57714cf03a9078ed1ba36186.jpg
520;358;13fd51ed2178cb670c2b0e5390f68e27833f67f4.jpg
521;171;1817cde39be28736304d5b8a73c7209802629fd3.jpg
522;554;0dae58ad754095ac5bee307cadf641532d4adc99.jpg
523;431;0ce23100ae3af12b3ea9a188e375f4273d352a7a.jpg
524;237;1e2cc4baa06f27b6f623be6eba42e3acc1d13012.jpg
525;177;09ff45a8059d4691e895cb94a700af06a15ef303.jpg
526;1093;065a7f0453773c304d5d43496e657fe2f04bf3dd.jpg
527;307;22ef5a70ebc9a9a3e1fa6552e790e8e82ccfffa3.jpg
528;765;1cb778de780834a64a9e5a3dda601d85d3fa5bec.jpg
529;887;1545215f50e1dc703481ba8ea3cfdbba343b62bc.jpg
530;440;12bc71cde0b59abfa633ed9677195d6404c89033.jpg
531;331;185b5e2d5d87df85820bafd7fa170e28afcff161.jpg
532;404;1510c0cea76e8e7023850b7a9fdd011b26d512b0.jpg
533;997;0120e0b51bfca259a58a7a825ad1f1b7ecedf598.jpg
534;219;11f257e2f32b40f6ac98322cc7dc0fa40813923b.jpg
535;903;14d86bb87ca3271b532b37cc3271c08e12f4e173.jpg
536;414;165d6dc1af698484c5c7c5731b48a410c2b5c0d1.jpg
537;309;11627e1e87a0bbc8c07101d27938f67877d8af85.jpg
538;355;0f68c8caff460b80ce48db63bc701318a5fa0602.jpg
539;293;1dfde42edb10b453a4aa215e6a06c8686a92a48b.jpg
540;351;1fd6ad0e830f53d6923c9676508936b89758eb3a.jpg
541;442;1499cd6417e48a7b284c23c2b124de575d85d62e.jpg
542;143;0e2b17d56c29af4aca79db9c6d6d85bbd3c624e4.jpg
543;14;0f903083f1328a4a2bb49b86e46d60a74d32e567.jpg
544;186;0b80dfab8187afa91415ae1a37161d862d20e1d0.jpg
545;132;0b1c89340c929e4bbca4075b100bb3e379b1f8ac.jpg
546;450;2430366847930822124c85822a11f2975a49478d.jpg
547;47;20956e68f85100cdaf28ed6654718632e711f82e.jpg
548;587;0e8f6cde5b08db64ba6228f6d9cbbefa0aa16e9e.jpg
549;880;20db3059fde21afd5da1741648497ec4d3e01889.jpg
550;430;22729a5fd509bea81346e9a294ed727f41779f07.jpg
551;200;0dc42a4d8e25285a936076c24e08a86046c15177.jpg
552;139;0bb0f43304286429e32e675f6c42c68aeab773f2.jpg
553;262;16110646365f12b06021d86280264e6fa1ec7088.jpg
554;478;1982bf3e6e974fa8f6e7a86204d0363e043827bf.jpg
555;348;13317adcd88717ccc4c686916bb9529a02206725.jpg
556;575;249506bd8a77e3e9058f07829104b5914fbf6d4e.jpg
557;69;22d32afcc6d5b789812b3eb90813cdf2b6ce0227.jpg
558;214;24bbdd9ccb02ee1d86c9377f09e2ba8fcadb89eb.jpg
559;1805;23f8e9b92a901ab7c9f7c1393b041b740310c30f.jpg
560;205;2220ad154f5bd03759e6efed6cbd17ccc110d840.jpg
561;119;1b6f9e43f513044bfd99b0e2d402cf991bb8c5e2.jpg
562;2027;17f7806d64f25f1b5d1f53db8f9057ff83427bd3.jpg
563;457;193278081afda8726c0c2f7cc74621b6c62faeb0.jpg
564;737;188cadf35bfd6477e7c6d42c7256893e42e9b6f9.jpg
565;572;1cdadf52d769eeb33c171627166dae84943100aa.jpg
566;371;1628020531f72624e1d0ef5c6134001f7dae6306.jpg
567;1623;223966f0c0acc6b511462ec2551f1062421e8fd2.jpg
568;80;15a85c1f4ced4dfd4e97bc2811d65f142708895d.jpg
569;352;103b1e41b80ba6f54fcf80399c9c08ba599cd6f5.jpg
570;192;1a59786c47e68777692af508bb361e4fc01346b6.jpg
571;291;113967b448c9e55182cb676c720bfee202ced348.jpg
572;26;2247b30c25870d28878db7d834fe68527b94533a.jpg
573;52;091aa112ca3f2faf1874e1bf8c536ee9fa09ab9d.jpg
574;228;070e18adad91ab01b0152070aafb9c8796ab8103.jpg
575;628;1ff8281fe173dd4a5ec871453f813da4b672e723.jpg
576;189;14482fd758b1db3658c2dbd1477ad922f96092c2.jpg
577;273;202f7fc30ce078d667dd0a0fb5423363679481e9.jpg
578;2118;1a01141f7652394e74aeeb696e43ca9ae5d4cf0f.jpg
579;191;1d7c3322b62e56f8f6cead3d80a39d40eb135ea4.jpg
580;204;21423fc0c98cb07e1b3031849c1842232c172ff9.jpg
581;426;0f94b6a0ce17e4e034f8e1e4215268ada0ef9fb2.jpg
582;417;1833d8a9d629cf0f9be83f82d11011b5beeb6cca.jpg
583;386;0d9403f29f7f045bac777e515a0dc9a3e4c160dd.jpg
584;963;149eae52e3e4af3fb37b623e838f64d5a23e0186.jpg
585;610;1ec9ba86e26ef636d08b9ad72a818ed74a1b937b.jpg
586;62;0d704a4a5f247a52c8aae8e1de084b6cdd61fdb9.jpg
587;454;0ab4cd809badf00ddce6b35ef98eba6b825169e1.jpg
588;668;08ac6d0f6aff690c65657d248705d2b58fd78e67.jpg
589;1467;10e6f3c31b21d2e24ba3445f2c899e9d019a564e.jpg
590;254;1426ce4838639f30ad2dd87cdca81127757645ee.jpg
591;158;04d1e44141841906e794dd1d8bd71561efedd9be.jpg
592;1604;188051d940ddf41fb29d4d2aac8c4591e6296d37.jpg
593;307;13675a0ae500b7c36b76284ddd85da77c85e2075.jpg
594;40;14248e220473937b8280456eb92aca6e2a77cc0d.jpg
595;193;1cd032d9de17c6e7a6350eab6140b75c1c0c7c38.jpg
596;513;05f853290c7534573afd5d2faacf8f552c916f3f.jpg
597;502;19d9844e347c75fe853de4613efab6762a7def50.jpg
598;834;1dbcd090905e652bd6cdf2357240b2b5221e9ea3.jpg
599;321;098b7184a2860c96bbeec9c06099df2f5d0e787a.jpg
600;458;1ed7075af933e395f734b0596bd4b61fbe7c5de7.jpg
601;243;005a3e7bca7f3d93da17df72d239a53328bd8319.jpg
602;146;15d9ecff891f52db34019e434d1cff1fa73427cf.jpg
603;67;16559a6021d28cf0b5da26f32979bab7d0969a6e.jpg
604;101;13046f722fac714bf961559fb85db754b6993c32.jpg
605;1750;0692ed066c209e3a2d86607053206af040509e6d.jpg
606;410;0c980ae827588a5d0004ad3df638d1455d37416b.jpg
607;283;1e9870bbfcee0ba1027e3c47ed426356a2668325.jpg
608;230;1ff77eb594d3b76b2ae8ccc6de7a6ec8afe72792.jpg
609;181;09328f46e11bffc7b24a64a28f2ad4d508811b5f.jpg
610;399;1bab643ff4cd20557be8b710e2a4777734504f06.jpg
611;254;1ea3bc934ab64c1e566afc4ee85ea4d37d6bfc90.jpg
612;568;200db8d438a864d2a6df737d2b7d8aa9a624c8c2.jpg
613;248;1d59e3008e8751f3f8ce81f58ba4320203a48871.jpg
614;206;0e235dbef60ed4683afc4702d76060eab63dc85f.jpg
615;508;1f447e37fc43883ff19f54fd4e26707a26eca756.jpg
616;51;0d61ad54c519466f2f278f584b314e82f8addd49.jpg
617;182;01c93727b8bcf0a1958de3147c5462f8cb0e070f.jpg
618;106;00440b08a599e06689ae76cf75aa1dcafd9b5c72.jpg
619;146;112b6594968e430fb1939660b5d80382a4155299.jpg
620;334;1ccee96fafb3d561f8a4613ad029a4f99c70bb41.jpg
621;805;1d6703cf0a5d0fefb5bd06a0161df0c05f8ef194.jpg
622;263;01af90e50735fe63a0e52117278e461c52f4e87d.jpg
623;1068;061f1f5679d8213117af4cb060d54bc4f9bbd78c.jpg
624;544;167ccfdb8a352f5078198b12bbc06bb0d37fdd76.jpg
625;111;0cd8fc54490a2fa36e3aa864f0dcbff029df8653.jpg
626;138;2299b3610004299972674a10b7eecd3c07b08811.jpg
627;492;1601babab1108bf759433e4ae6b1ebe8ece38cca.jpg
628;1217;1a5af39776c8ec60576e2f218798a15994e4e751.jpg
629;138;12d77ab0628fc27bcc8e4aa9caec17a353d22c0a.jpg
630;59;207dbeba9b37f2a55869d5eb135d1f8642d41dc1.jpg
631;415;12aa67c32a874f842a3742a2a287c5890cb59582.jpg
632;118;1e34de8ca4117b97d6a84856e132e09561e3c501.jpg
633;154;0cfd43b18d1884c808c37d518bcf26b3137b7877.jpg
634;211;1dd5d0d8aabd239910c76d6835917f96bfc009ef.jpg
635;275;07c030ab6e7094d74862485aabcb2037fd71ce14.jpg
636;1681;052373d3f6a7c80a4e3d41fc7849763832ad25f3.jpg
637;1000;1354cc058dd2cbea0dfc1614c21503bc802e06e8.jpg
638;102;04e45fcff75cd89a92810fb5a08fc79120f2b5df.jpg
639;71;197e330785837d2bde77f69e4f024f292e396829.jpg
640;323;13aeadf9f6ec143b92f7b298dd01df91e05a36b5.jpg
641;2027;0b1fc142c2d4ce0c596df93ebeffe7ca8b42ec9a.jpg
642;444;1ac9de1f5ecda62b2d2d6ded87909b6b6dbb71bb.jpg
643;429;01abe213ffa6185222da10b8a8b1ab021aa3d3fc.jpg
644;26;1b34e7973eaf6c34f098041965ac51422ff3947f.jpg
645;7208;0f8763849cb4e5c9f1cb52085f4608119b5f142d.jpg
646;112;05c279e4ff25b0f31b52807a659904c35ae3e2c0.jpg
647;271;1138d68901caa79c657482eb312dc17e88b01be0.jpg
648;74;222c116cfd1a8965a803b9830ce423696c5ab3bb.jpg
649;280;0a47a0d8d2d02ba7fa4f197d2aeb1faacba9dd0c.jpg
650;3;20fb3b59c0f529dd3baf860783c7c8070ec774e3.jpg
651;266;224b2527aa09fd63f58164fa80355961dcb71c32.jpg
652;369;14c32012a2b500de8fcc0253751037faade61353.jpg
653;386;036c577b9af9f975a544465ed5c5a1d8c64fbd3a.jpg
654;199;0dbe78c6b81734becb8a9fbe17a8272cd3429c2a.jpg
655;87;239b15b5a9afee3eaf0882274af6ee25e5bc2666.jpg
656;190;16721fae89c1c83e7ebbed8f5d0fd75804087da7.jpg
657;313;0913d12cbba2aa90d0fca031ba530c3eee6a659c.jpg
658;314;1a8e7b3abc22559d09c44da5879f35d917e05b42.jpg
659;542;1e7624b9b2efa60d924bf79e66116335639bfa25.jpg
660;247;097ce35fe2584ee88d8178a3242040c12947af23.jpg
661;404;205465dc890b66ba53f84dc7127e5b7c4385f385.jpg
662;141;07ec32aecedff252df63b36508a7e5233441e4be.jpg
663;121;0416f74cbdfa897225512d9fd9d1421a9d6c81fd.jpg
664;316;1193391a41752827b42c59c140088c480bb4721c.jpg
665;157;0db424f480dce1161721929d28ef0c406054f0a6.jpg
666;7605;0ff21632bc4dd636faf440ebbdfdd613bea22183.jpg
667;156;046ad4c233eab3abaddfedbd84f2a18966ba6d51.jpg
668;116;0bb20ba276bb1024c81be61d6baef3d19d49002b.jpg
669;281;0185887b5d8bb09f8a9ddfe03e9b204e70aaccb0.jpg
670;213;00c66a72a5dd79c4d0c87cf3c7453bb2c2e53c7b.jpg
671;109;1223597e419cf5896c1db01937726edf03a8c762.jpg
672;110;08b48f4d7120d4c5d041bcf8e08f530a1ffc3ea9.jpg
673;318;09dda912a9f5fefa9deb6d71cde4623192d0b38a.jpg
674;92;08f550cdb0f3686ac71d7b9a63256c7cdf41ad29.jpg
675;174;1f952bc7c845b7745d637bf40155ade8a79eeb61.jpg
676;98;057fb9fe282f0462488db44c39bd737a0878b34e.jpg
677;399;1d6046d7a67c2136d53a510ae7b74e5bf72afdb8.jpg
678;41;0ac83c635ec2d852387d4627ee3ee15144c77a85.jpg
679;334;0cf766b62d985331412f2b144e5cc10aca53bf8e.jpg
680;29;079ca649c941b8a620a65b1069593ca932cdda60.jpg
681;37;03c2ea5dfe0e9ff870709770fc46c6d2ba6d4ce4.jpg
682;85;1de1b1f1d7494267329c9b579db0b4d40a5f7f8b.jpg
683;110;13277c6f6c4504133418fecaf3cc88741beffca0.jpg
684;218;13fb43defd44e199dd63d6e13b6c2b1370cd48ce.jpg
685;374;00b12b7f9465e335cd765944d08a557ee15721f8.jpg
686;80;149459c291057f8afda37601958b571aa801a2a9.jpg
687;71;05938ca11f6ac8443d309eb0ef80392d3e794f7f.jpg
688;276;0c40e8facabdb3947b8f5e90f9ce6a9bdc546b20.jpg
689;656;19d0bba511c1272b3e50e6f73652ac17198a4b98.jpg
690;40;1a43447c7c308ac823576afdeff8d5147ccd5b3e.jpg
691;512;115ec50b93781fab1930e0900bb487d74f5ef00b.jpg
692;251;14943179926f8355f2ab01429c43eaef90426842.jpg
693;428;134f11619e643f3b2d656280ff691f6f662c4098.jpg
694;201;06735c6090a075777188fa7767265dc1979d764d.jpg
695;42;2296bdf8aeb529459add78760a227290b71a965a.jpg
696;95;19c676f2e39a7718dc3d1cc6d07549f71d721020.jpg
697;73;1a2a0d1c2ddeb9ebc90c6602b2e2806681c82adc.jpg
698;88;01230cb83c6ca74e7c54813dec474cef9114ab93.jpg
699;144;0174b95eba460ea310c899ffdc93b0161ce4a048.jpg
700;610;1f482fe4aee68a46f11dc440b8df982a05fecb8c.jpg
701;394;1e5ea2ddcfb6fbeb717b92f1a09d2b84f1b0dc7f.jpg
702;523;20f59343f50753764ea49db72162afe957f316cf.jpg
703;283;13eb10c1dc089e3774b80253d023df55f21aabfd.jpg
704;148;144c9d03bdb5cd3c5f0c8168b05a6937584deb99.jpg
705;410;0b8100f154d6e4a85022d5e71f979547634c68ea.jpg
706;195;19d8bccb1c3e8c22560f40b0000c66c1dcf3476f.jpg
707;18022;0021b9d54ed9b15b961c3c946ec04d22fa4475d7.jpg
708;461;1e58e5ce1d5720304ef0b51c1fcb79d73af78d39.jpg
709;123;03bbeaca2614bc7caaf8cb4d7d8b32df0fe3c801.jpg
710;34;0b25f3e50ab7b7e03bb5da67147757b72ab2dee7.jpg
711;121;1794d287c74bb9e7d6d2cf8c00ea6e83185d3b31.jpg
712;132;13bcc59b0f368352858517f2e8a35a67a494e523.jpg
713;75;11f5f5d1de01e61532ea26349066e259a941d210.jpg
714;529;0bec0b445092137e6d7fd6f4b321f8797f97b4a9.jpg
715;578;0aab91bc5135e25c6923413d7432343b4293633e.jpg
716;186;01a8f629b2914fa0df1abe1d4efc585420f528cb.jpg
717;663;20b0292266f1f9b92d3a3fa75a052d22a911c75c.jpg
718;607;1f86665470c2b678f99b9c0c24fc05403ba27097.jpg
719;128;1cf92cbef0acece8a5759ce261deef46b133a6c1.jpg
720;256;0a5bf42c7bbd878b17ef9e9f06258ea6463e9a34.jpg
721;106;0c0fcb9a5c9b465bc6d54e50c24a2d3980cad285.jpg
722;100;197a1ebebf650ac5be4b8c4fc8537e4e614e6c8b.jpg
723;53;08e647c2ba352ee8fb894d168d356d9dc3d30c9e.jpg
724;1914;174a81fecaecf0e2c87991f49a0f43bc07cbe6c0.jpg
725;353;1bf787ce1c336fc1e8f1af38bddcadaa003a912b.jpg
726;438;180dff79fd6ae44a6bd4f81b5e63d93760df3d97.jpg
727;307;1d0cd20f9cbc9b5f433b54780933488ca8698b57.jpg
728;136;0e02c40afb0e207b38fa3d8198f9b4f0f81c8b39.jpg
729;82;1662312d2780a5569bc93f051d9035517a81e13e.jpg
730;412;123b9aff7de43bf7ca014b838b0804c5b00eb15a.jpg
731;279;14bd6b307caf1ebbcc46967c0210fbf338c823a5.jpg
732;697;0b189e93dc04c2650771744be2b5886acefe62a9.jpg
733;157;1244be2e1dfa1f0d37b1cdd40a3942079536cdd7.jpg
734;369;15bce8b82c4f1c7b9fd2d65ddd99b6c8b2fe2ebc.jpg
735;256;05f488257912e91f6042bf2abac09ff956e1c81f.jpg
736;412;2181630d0d049e6756a48e244d4319c64ff341ec.jpg
737;37;0592715449f3a78bec6a685426b94e6e4bebe4fc.jpg
738;187;21dbb889ba3704d64b10bbdb88efefd46d456551.jpg
739;228;168435cc5ed2701bd11b9f4001c72653ffceccbb.jpg
740;11;0eed97822f8c7fba0081d0f3a252db4b373a067d.jpg
741;216;201fffea97abda7e17d16fd4c2ef20df78b14cd2.jpg
742;1073;0ff3c5d21754db9cd378c5b043d8addc03cfb92b.jpg
743;391;1db96dd56c4912ab74da0e6e6f469b0b567412e1.jpg
744;74;102357efecb03e1dc6146bc2d4ca95b62547cc62.jpg
745;457;0214b99173d2bbf7237e23ad8a5d824698d4503f.jpg
746;559;2383bb242ee00f2c4e254a366cf4212a772f2cf3.jpg
747;346;12ce8ddf74755d045ae555649fe2ff471fe47d14.jpg
748;507;04e80fac33ac34c4c9cd0fbbfc8d656e716fe5ab.jpg
749;295;107e64ad63ef8fc8716846989e4218b908778b41.jpg
750;87;187ef4d2aeed96e1111dd9fa1250d597f2f2f849.jpg
751;1795;0b7ca2da1f459edd4af53a40c1af2b6f5cc4053e.jpg
752;94;0fef8545f2b14ba554a1cb6fefd87a98b9b1ee46.jpg
753;308;077bcb324e5386f6405eb9a82a25139508a5fee0.jpg
754;163;15874fa0954877351d5d5254679ad6706e05b71b.jpg
755;80;0ca458f053d916819ee610e25ff40112e7e90eea.jpg
756;784;07000b60b1a614e74440bec432de47c833bd72fb.jpg
757;73;06cb76dd2ec4a3de24b52467e2b4d7d360f86f7c.jpg
758;61;1d330f7c81014eeaaf3c04edd50958f8b2aff0b1.jpg
759;104;0e1f2435278d1ef49e9ac29541238265ce1207be.jpg
760;452;02fc4079660697ff48ae09bd897e91e26cb8f172.jpg
761;150;1575191314b794e1120b0dacb4d250709439eed9.jpg
762;54;098c71b9e81da864dd71420a7c52a7292ca5ecbf.jpg
763;850;1e2280009b56c1fa9ba8cb58ce7ed58a031dd456.jpg
764;597;1259a382b6b910230b03541ae7802e36a810b89a.jpg
765;284;15ed7bb5a0340fa16aee67d16aa058a5bc591cc3.jpg
766;442;0b9be8b58bcdb1d449a52eb6fd75178858eedead.jpg
767;1123;0bf362f942fb62f9cb43a5a087cf7ae52bc2ebd1.jpg
768;2457;06e3a00e197d56a6f4f213f144dc69819725fe26.jpg
769;511;13567a4d9a0c5ff9536a4b08a1ffc1ed0a950f82.jpg
770;286;180be6f23f3aa6dede6d11264adc40240f5f1b31.jpg
771;293;1d778740e209dbf3cf7c2a421269d23c92316e54.jpg
772;6968;001387458493db09549624e87855ce92453f2672.jpg
773;192;156495b022d2a9dacb3a0b98f1b9d492555b5b45.jpg
774;980;2176809447faacd7c0ebb00fb3edd08fa06fd5e2.jpg
775;1562;1e34c3a05287c22e70c9b8b7f9fcbe6f1a9cf207.jpg
776;458;2415fd9f5a2de5c1966728ad56408ba218d487cc.jpg
777;159;15b9dab1a908d8a5d26b57cb7c062b3e83bbcf9a.jpg
778;330;09b4961ce7f975abd5976be24508fefdf9f60e8b.jpg
779;214;11bbc33ad84316fbacd18e87192caf3ab0da1798.jpg
780;283;0a58a7818e4e6b53d9b0cb2eeae0ac22d6f50c47.jpg
781;382;02ebf266ca5a883fdffea955d4d4bd39e106861d.jpg
782;127;1dd684c641140fd6715266fa89d368588dcf2782.jpg
783;63;17e14383a3bc3ac4a7fe75650bb8f27c6e04677c.jpg
784;210;09bd3e95f0efbc8d690187cbce9c3e436762df1a.jpg
785;62;0e7e25c25e6bd8952c69a6e7d03a0fea4996f574.jpg
786;102;027049ecbf359fae0dfacb260cb871f34be98316.jpg
787;697;0e2f6565b7d3e18423f8e035884efd2fe9c5cdc9.jpg
788;361;119ab4fecd1a71487308f45ea45b095d59d0eb19.jpg
789;654;026e1238e9767f3924bfb2240456fb55da35ddf9.jpg
790;64;003aba708b58d1cdc4322b5f203096d65e3e51c4.jpg
791;65;103307f8a0e4848d23698c8c00f2051019d7a203.jpg
792;347;0dc03c761668c604105d8ab0553617a7af9b957f.jpg
793;756;172fa5dac7a8036deba6509578fc2371c0a4096a.jpg
794;434;1e965fd623a2c4d1f51d57568b7f0bc9507a3b6c.jpg
795;60;1ad728f0d570fc73f3cfb3a4af207087571ff8dd.jpg
796;2006;038d71d2ea8c15f4e7a2143755da5e4b729847ce.jpg
797;1072;113b1ff4930d24608b698429777de5bf039af4b8.jpg
798;485;0b0cc844bfc4e99470d5348329ed1d28edc783af.jpg
799;594;211221e98ed68127d26e39bfb3d49de5305b1af3.jpg
800;101;22d7ef80c8ae2b37d3a487ae24367b52e29566f3.jpg
801;193;23ea652af3229f3c90574a7ba83639e83c29ff7d.jpg
802;1195;23d1b250ca8e74cf8cf89df861adb9f338d17cd3.jpg
803;63;0fba212ace611318e4273083f6a4c5e72af114cf.jpg
804;128;1eaff51f5f37e015a14d0451bfe5d41582caa264.jpg
805;129;188622cfd2efce17ad36f51623f818a46525d0a1.jpg
806;463;136bdac51af33b71ddfab8c39b4f7e3d35787f4c.jpg
807;90;231eab7bff6a925d97522f22a4929bd4ec0365f8.jpg
808;35;16eb880459b9622bc689bd098874185a74c9a4f0.jpg
809;234;050f9a2aa47c205fedb40caf35addfa17f1d82eb.jpg
810;138;1ca26bcec84822033fbcaeb42e7e8cf70e1e78cf.jpg
811;233;096d8e4c45b090de4bc3c350a78f81e01910159c.jpg
812;716;206e189bb362abcdd471ace03e5ffb1946d4f7d2.jpg
813;227;1ca27dbac49b41e04a14195e4a091260d20286b1.jpg
814;641;23ea965288ce1070a7dd38fcbe2025516ab7be03.jpg
815;653;0b2dd092253a82c5d45034f5d35d0cc87eaa19c6.jpg
816;102;0fa32c784b314052033791adc1d1b66d6abe2555.jpg
817;741;0416465448c097c69cba99b36feb3476d8d24db5.jpg
818;1867;1c7e2e145db6f6bf52fe44cda1703232a13de587.jpg
819;272;0c5804a63b145fd6caa7c9c3af028969a6a6718c.jpg
820;387;02020cc223c4182659a5c01725d2b1738ab7d624.jpg
821;208;17bec08b042ee221fd6272f526cbcc4a1f95e38e.jpg
822;178;2246e39e85309790ebe83acd8dcb4eefe75206ca.jpg
823;1443;2007a0f9d6f026a3e7371657d0dc75583157e4d6.jpg
824;756;02b34ee9045ebc4c78e1d844c737ff21a9acbcb3.jpg
825;671;22cd1d2ac775979312739b2dfb07c9892a9cfd78.jpg
826;6;12463e748249d43ae0f5d12ec25411f5b45f4c57.jpg
827;415;15bfa7f91b26b993b0eda78de603c20248f04af2.jpg
828;119;103819c78a5e5e322d4399f45543167d66d88dee.jpg
829;266;089d7f67668712de8201c3491506ba14dc94cbea.jpg
830;365;197d009c11be32e437e136d6369beb0cd25140a2.jpg
831;124;097e792ae8a91fbba47c4f955d275475dc74cfa1.jpg
832;428;0cf006933ff99d372ccd4e3285939cbb99ce198a.jpg
833;374;0f399d9a7aff7c132dfe7052bc77da55c6537468.jpg
834;1223;05b5b29ac8d46d8b425520adf0063261a6824915.jpg
835;463;172d4a8159e5d843cfa9efc2dd5b3594feb4da51.jpg
836;332;1537eae38d96923f4515c464af3aecd74da786b6.jpg
837;375;14a886754071bf6574b470424e3b9ec8741af362.jpg
838;411;0ec18cc0a058b8678d6927b55c4937712fa629a9.jpg
839;153;1fa47db988f0f20264315baed36e1df951751912.jpg
840;1222;0dee34338a883e783fefbf8a6a7e0f9c24d691cd.jpg
841;140;20c79dacbf77e2be88059e0b8d07e572010fc52f.jpg
842;368;107fb5b6732249632caac445b840ff13f238f984.jpg
843;454;05157dd4c30fb2bc5265b22e441fe44e44a67d1b.jpg
844;189;0bbd6fe563d11f73a374b08c395ec709bdf3c58c.jpg
845;8016;00f12a81d252af3a07e2d60f5f407b5c7cc42408.jpg
846;532;1b3caffa08e4cfafe9e3a5a6bed97f6667f2570e.jpg
847;357;076f050d0bf9def65068cdd2a7a2a89d04773252.jpg
848;126;0175cde8f5d8005326d23a76e7f4a66131ae20d4.jpg
849;52;12fda092d73586d1ceb5d0bf1e55eac7ae4cbf68.jpg
850;60;1222488e2bd202421311c3b0e3f145ce3bc2e7e8.jpg
851;217;06c7d7d8df291b59003b081377f98e9c97c9601e.jpg
852;385;03adde514a917bdaeaa5f73d83488c8a50496023.jpg
853;117;1d9ef2d535dad1b782dc05723bfbe80fdd49a9b2.jpg
854;590;15948045a1740de3fcfd678a8864215709a05b1b.jpg
855;775;225a1c877b4f2265867cf5eed9f2bcce531565a2.jpg
856;1190;01cdca66533c087f75655d39c9c0910358a38643.jpg
857;370;1a46c2a08f9041560d375ba1d3b62e38e1765995.jpg
858;154;0202336379149950bad67795179e69da8cadde4f.jpg
859;34;1ffecbcf71dbe8d40ef3ffd74016fbca8cd697a5.jpg
860;124;05c8280be1b5e7a9d3f0290921c77262ff629f29.jpg
861;1082;1ad756de6b8cd591578a7e79e080563a8ad9f695.jpg
862;375;0148b7356ea4b3c349321784b8fcf410ad30b488.jpg
863;42;1a6120bd68e24b37c315d9bac8636fb535b6d555.jpg
864;345;0d19013b9f20d130811f2a5d8d653af47950d8c3.jpg
865;187;0b46a509f08cdb9e7fac1c26bac82c0992070cd4.jpg
866;141;03c359c3b0c6ca6f185dc4c6c569a6e35ee8a8f6.jpg
867;18024;05109bf94f82907070e7206cbc07849bde6fc712.jpg
868;177;19d7614f4f93dc229a97a9fd7ab6a713d448b3a0.jpg
869;348;1c5be4cfa06ccf69f855cbb829ac62e86a503738.jpg
870;78;15e438dfe9c51764ba3efe2a62b98274a8c34fa8.jpg
871;306;1866f3ff4be072e4bff368d08e624b947f05e835.jpg
872;107;156ea695221f7d354f0c4dd70a26eb9986f1c44e.jpg
873;310;14fa8a260f437e6669cf3d52b80777265650785c.jpg
874;170;1d263e77ed500513b572c72e36c8c27a61a8fbd3.jpg
875;246;155faae9dccbdb2510afc1f07aeca6c75d93c898.jpg
876;1365;0095bfee530e53a2375aa72131b07e205e9da121.jpg
877;975;16e031614bae5bd233bd6d631a536911a3c161f5.jpg
878;204;12e2745053b48076d24791c5767f2444c54d0e05.jpg
879;94;0e76442c0d7ff1ba475458fdc999162dbca3a30a.jpg
880;120;01ddb6d29c37d6b4480fb6cb837adc46fdf62ee8.jpg
881;659;09d9a6cb44bc74a56e2577365cf716b4847c3c85.jpg
882;291;0314d5fc3588097154674cc93a4a79e206510c6b.jpg
883;361;058108b53162c3418e9e744107ebf8f819b58353.jpg
884;180;242974de511e5c06795d7be3722fd6eeee7ce712.jpg
885;298;1a3693530fa2925907e61bc8e8605360be1b401f.jpg
886;176;1168ea442ae752dc8a49202349c647c4dc7ae927.jpg
887;155;1171eda5e461ba3dc94c029b2948d5c3006978ea.jpg
888;60;204c30ceb8247a9bb5b6d53316ac1115a9447449.jpg
889;334;11f30468705dba9dca5a336e654edad400b5b2e6.jpg
890;71;15a6e77847d0270878b9c949a737c0292fa3db1b.jpg
891;209;2068d736e833f38d55cb9f6d0dc4ac117157437d.jpg
892;227;0200762c22570932bc499858ddf1d00289c298e9.jpg
893;194;1f65a5a761acf2536068bee93a09321433820899.jpg
894;103;0ede37cb0916618877c3ea6d271c9d4bf411261f.jpg
895;159;1018b3a0043a39ad0ff94dbc311856bdc03cf09f.jpg
896;118;1e122af6d72d13eb2971d04aea183a71ebc56a84.jpg
897;93;0401ae6730bf2391373674b0915cbf74e8dcc29e.jpg
898;184;093a1b039a48161e9dcd39190fd8b9fcbfc453c5.jpg
899;133;037601456fc8d385e3ebdfcf9cf51a836d533091.jpg
900;303;1c611171b1beb38472e9a2704831f733e6fe3804.jpg
901;183;10d2b7a8adf5678a313bd5e18ca48b9d165ad20a.jpg
902;132;141e68525b13ce7174ddbde8177b1fe1ad336417.jpg
903;656;14eea9cdbc47f48e60e58a6fdf456443e34034a6.jpg
904;958;00c02d63e6f972a84cde9501027f80de854aeb9d.jpg
905;135;1dced9a4ff6c21a9e5a00f075a454561115105f5.jpg
906;138;1247352d217296d671f0e3d4166dca27299186bb.jpg
907;302;191739f7b71b144d9a214bc23439f5d10f87bc97.jpg
908;138;21a66f96617debb2de0e506da00eb8d518cc9d55.jpg
909;309;1ab40baa77cb88a5a686adcc4949c51f156e52d7.jpg
910;472;13c635e12746a3d1bd3b1cbc3de3ad4a51ac823c.jpg
911;543;0cc9e9f4eac4764e3d8c453f8553012731e58c0c.jpg
912;91;0d412d43cf06a29535fd0ba80ca90e3539687473.jpg
913;333;21445986e9214e66af3ba904337400c0663ba08d.jpg
914;182;1126e8fb9579b1deeb1c34b820272241a73ba0cf.jpg
915;169;0a91306935c27a3d5b374044ce64ace9678da64e.jpg
916;53;174b0f2a122bd388d5312eef160f07b9e5cf653f.jpg
917;257;1c6dc9dc232a2bc7a872118a5cb193ab2fe30244.jpg
918;155;2463283ffd26950f4782dae9f911889d21613bac.jpg
919;240;07b79676ba398e8b22f839c88c1141f4187d8159.jpg
920;226;0d6a41d161e4df15027a8c67ceb654346a0af38a.jpg
921;172;02000921378692a7fc059c8c65abaa4918ab5af6.jpg
922;37;06f5f20981337315a973a9bcad9276656e0f863b.jpg
923;106;1bc7b9c623f882cb14808fd316eeec3baf902462.jpg
924;541;078251fc63503150cf59547f40bd2f5c2380a4e1.jpg
925;344;10f89ebfda7eb2e0ffe7ee563b0dfe49bbca122c.jpg
926;188;01edaa6408cdcef6a4159c04fd120c2113fb839e.jpg
927;244;2295620e5639c5d111ed1625775c41d5685d847b.jpg
928;144;1632a4ffd7e438395d6249e9e288cbe84b8b0b12.jpg
929;476;0ad588d928bc02f5739276721205299fe5976aec.jpg
930;164;10471b238b64abbee90471b5ef0b222782fe4c9e.jpg
931;196;04c800ded789ec445066636aa000761d3fa9c77f.jpg
932;211;012a3683eda7ef09014e413a29cefab2e4f7f3f8.jpg
933;100;0daeeda285f975adce1b6e9f39e1c9dfee588aa5.jpg
934;477;21a57d124d4a0be36acd39cac1a865fc9d092620.jpg
935;256;137c62f9d60ad4ea1b358ca3a0226c7542244f5b.jpg
936;65;0de6da0c9a745ccad29d546cec635600c8cc4781.jpg
937;65;242ec28528448493676a325645b717df0e49fa1e.jpg
938;44;05c15d8c598f429061f4adfb225a6f55ff2dfac8.jpg
939;121;051a02b5a0ae4d1a9079e9a7bf584ac37e3957fe.jpg
940;207;21d30206419fd8cc7834825d8cb6006a3f80ce13.jpg
941;254;22fd5e51fe57c0479e8555f633a5ca5ddb1018bf.jpg
942;148;0c36b0fb84590e63224f962e1142a0937d580b54.jpg
943;172;126e9005b1720720d935378b8628ff7d1ef8b544.jpg
944;133;12dd43099c198b166f4aa79c3556751f570621ce.jpg
945;317;019704772a122db45a79126f86837a92bf074c01.jpg
946;179;050884481c9a7b0cadae2a2de011f30233f7365e.jpg
947;148;0eb07c6c7f8ecf0aba232e96d4a6f3a08b27d8dc.jpg
948;302;16545dcae05f051421a0e9135c5eeac412776c33.jpg
949;134;062f3e87cefd8959d951e1c78fa314a142dc16b0.jpg
950;263;119d02c45123f45d2202e06f026284c845b47c81.jpg
951;741;02580a4f35a15506768ac78632e5f8ad8ff53bee.jpg
952;84;12237a5ca6010e1511e8606bedda67c9894f18b3.jpg
953;314;073adb960e027f18069c562d55bdeff01b6c9bc6.jpg
954;27;113cf7711d247caa916db1adf4ae903e4bdabcd0.jpg
955;136;1b107a6602328844f939306ba6314a835c229f7f.jpg
956;107;19f97fee580a6af47b80c10f08084c16f4e4ff4b.jpg
957;405;06cab6e59d70657fdded469f5b13f4baa2247e35.jpg
958;292;0c05fa814141989a4d15b376edf12bb00085c7ce.jpg
959;281;10385e72b7c0b1dfde63dabd05dd40d556d1a9c0.jpg
960;154;06e73b26552300024f769b4f35423013a1659f38.jpg
961;103;1572fb28bf6318ed998d97c0c4f2be003a425463.jpg
962;285;013b838bce7281b7b3788cb321caee954b129b5b.jpg
963;160;1391e403da4c0d65b07260a9dbef667559fd4113.jpg
964;131;1b2298136c99f57cf15199d2b4158c534bb02d46.jpg
965;293;012c95bf7e3e53301dbc01f410bf360ce3d453b7.jpg
966;278;1ba72da4354bf3eef82d06bba6a68bf0627437ff.jpg
967;120;18ababf8c2a4c6e3f746cde3a44830b58b9ff3d9.jpg
968;492;04e9d106c9af01c33516bf0a8d76456ce87a62fb.jpg
969;447;06a50ceac05decf8a568c406c2d75564e1e7ca7d.jpg
970;287;10badd38c7a606fec30b2a2654dc02e441dd7f46.jpg
971;609;138bdc8dfcd8e42b9c5c645a36e37b31eded2828.jpg
972;320;1e3293177a02dcdb281db1b8e2f7dd132b9dd23a.jpg
973;150;147a2f420649338f298bd70158f53c6a89aecff0.jpg
974;114;14113eca7410999cb159836aa768e45ac7b7abf1.jpg
975;16;235c675b957d2d7a46562f92a3ed91ec8faeb5de.jpg
976;136;107611cc388d8eb34e67bcd4a7d925bac5c5d05d.jpg
977;88;013ba6d1d7137df25d1b2ef930d9302dbde3fea4.jpg
978;226;22dd8ed1c155ca37a6528ad180eece265e8ab53f.jpg
979;341;19947c20f751a118539df0a33451da91e782c178.jpg
980;148;1c4ac92534e82f28b2b77da0e2c0de88ca436f53.jpg
981;122;06fbc93e1967ca252264324fa2050a1308b8d3b6.jpg
982;214;1eb63fc52eacff8612f411e11ba065ef76a38858.jpg
983;270;181bfbcf2859a6ea3ad168852a8606934acb4c39.jpg
984;188;03479b8daa773813f428c00bd1f0a2021336f2aa.jpg
985;404;1387cad26ecfa96aa6fb39d533bda9dbc690f97d.jpg
986;420;23243e885cfd31c249f6e5fcb16c57c8d3e14c3a.jpg
987;484;104fda5a488ee6469bcb6c61fdca8027b48fc8a7.jpg
988;164;14618ea86604abf0dfca4b3c674f0360be0e9e4e.jpg
989;67;23782c68d028d302d4f0e3dd34e2855a6698212c.jpg
