;used_liter;image
0;48;08d21828339e1a6adcd892ef2f0d0866083c51bf.jpg
1;65;132d365ccede6d01b745b04ce22ed172790db50a.jpg
2;425;225acbbc1fa3ffdb7ed850d9193f0aaa9590159c.jpg
3;22;1df8a59b35f1e69a901a950b18c00300a6eb7685.jpg
4;67;08bdb453bd3b84eaf0340b143ada94fc997a37f3.jpg
5;58;06f8b8924a15bbc86c9b0779827f6e559c4821cb.jpg
6;43;1bc770862ea5d73bfa42ea937b13dbfa52190852.jpg
7;37;12364869b761a5a2751ed31cefb363a5c55024d4.jpg
8;61;0794c9ebbad68578b5fec092d45143422ad95738.jpg
9;43;237c6446cd65713f575f5b90e5d8597384aba6cc.jpg
10;294;09b80a02730dee832009b731784630566b874980.jpg
11;66;090773a7541438d272ae00688cd00ba6ae3ef94f.jpg
12;89;051244cbfedaa05b5319c0d9bed897558c52b069.jpg
13;44;03c573f7562841a5d5de3e237c215c36b8e44e23.jpg
14;50;247f263a3607dd963a5d0fbea8573a188f217bdd.jpg
15;203;1c5469b7d54884a85616cc122f72dbc8cf769576.jpg
16;37;221bda93abf5716e8174c207abb23127390e096e.jpg
17;100;074ae910537e2603655a85c49c83e4c0559152f1.jpg
18;50;16806ba493e4ede724ef64191b71460e10c37dcc.jpg
19;56;19ecec1cc7fdc8bb75a33deffa12c07c539a0856.jpg
20;35;0f1d8e1da3fdf5cfcacb4a824e4e77f7bd72f52e.jpg
21;218;1698a34324f2e721a2a9122ba83a3f127ef1e584.jpg
22;57;096652a167f42ff3c48e20febad423808dcce2a1.jpg
23;37;01c2f9d135b21a9139f7cbecc26dd4feff1627d1.jpg
24;508;110fe91175bcab48f1aa01aee68a9554712f55ec.jpg
25;39;05b575b71a82163a7bdb082904a7d553f32f66a6.jpg
26;84;0cfd795fed59753d223f222934728e9a788dd9ba.jpg
27;63;1ecb08b090b56913c4edf42c515d6933ecb7ec3e.jpg
28;216;2410ba374e38ccc6a1a461c4fdc546ef53d77522.jpg
29;178;1ed5a9efd837933f8f316c8de9a13e02e5ed92cb.jpg
30;65;0638035adc49b240a7439490085b6af59e1f26b8.jpg
31;58;23c7d2ed30476359326e1a624be570afb98e2699.jpg
32;365;017aaf5f05f9cb27557ba2b10121fdd7b910a406.jpg
33;44;2204ab10aac48c72a63a9a4fb567129b6154854d.jpg
34;54;0266ee4895890b01178feacc9c03b2f673274df4.jpg
35;61;1eda78f2a5c54b517e53c1f71f0acddbc072246f.jpg
36;212;031c88432659fb807e3e10ace7f1b9f00911ef01.jpg
37;191;14d0c2db1882288556b7c4aa8676da86df501bc4.jpg
38;47;10cea9f9a4ceec207081760b0d8a81efe91b5802.jpg
39;61;2053bd31ffcefff31ccf514084422d5b30363358.jpg
40;71;076e55732f032a05048d37d30dae1dba0e7e9408.jpg
41;85;167034a23d85e631c9df9aef44b514ae11790047.jpg
42;62;0577c8561f7df46fd441dfdcffec435679d6f1b0.jpg
43;72;0674f9aadcbd1c0b5b396172d80b837ad04ca63b.jpg
44;52;1c7e93182fd59d94c041fca150618df194b54f87.jpg
45;69;06fc841b2a022883c8184ed2fa314b9053c5a9da.jpg
46;40;16ddf64847f3343c0b741858e8f499cf13e8efbf.jpg
47;465;122fed9c1dd5a2f1a1ec0b8c076d6ac2a520b405.jpg
48;200;0a32664b2b8c8fe725994dfaab1d9a998dd0df09.jpg
49;282;182dbdcbe9d8d590326f602f91ac6bfbb6322c1d.jpg
50;44;240f4c355964a6ee30ef96e3665779e1a2ae191f.jpg
51;177;1e9dc4905d93ca07b0f4108a347ce874c844ec45.jpg
52;21;1ab9a5d0784ed58025fdf4c05bb7dcc9bdd82d1c.jpg
53;79;04ffa7c87c0412f538dacdabfac0b150b3a9ba0b.jpg
54;287;181c92338dae4de2c581ac685ac7dbcea317fa56.jpg
55;48;1c0cf63b3e24405bd23d2d0bfe5a8452a1f994c8.jpg
56;289;0049f5e5a1de1b35fd58c707f41a6e25c0472902.jpg
57;230;040fe5eaa0e1767fcc14a08aa1fd32334bb480a4.jpg
58;60;1f0988d745d9e1c81e58e6e62b9cf70c8f500e55.jpg
59;55;152b5076c320a236b29fd15a00ef58c78b312fa7.jpg
60;218;160454d64d65f461939f1bab6dff24caec7b2584.jpg
61;61;08ac3f405d34b1f5454846398e3686f111dba44b.jpg
62;98;07359488ed9e2834a7b8347959deeddcc0617ca1.jpg
63;198;0d9a0966ffe42c77d0c31bafb40095fc6f08ce50.jpg
64;225;1ff55752b970aa4fe70abba28cab7df3da7d772a.jpg
65;48;17e434e3e3f1c502cf3568db2c1c08613512ac09.jpg
66;81;1df65db52c4d483cb50592e2b1501f4fb29ac721.jpg
67;150;147e5e634eccda8c75bb50b539ec8e768bc95b43.jpg
68;100;0512f8e4dbdcf8b199630f8e42dc121d5bd76427.jpg
69;64;152b2d43d5631e909112db8a9e54b3dbb6f66e1f.jpg
70;56;1e12adab9c1cf9fc2767b5570ea09e16bcbd052d.jpg
71;41;181ac42851d793fa6175b67703dfe2dde29afd97.jpg
72;155;080dcd330da13037add163e17c91550d2e946b55.jpg
73;40;0f8e6744ed8b322bbeb54599b309ecf2e0de4945.jpg
74;63;046b00fd9cdede7779708461dbe4999154684f7b.jpg
75;26;0a8b40c58493a308fc95b90a4f6d13df57ac9459.jpg
76;63;0638cd7a868ee31c370c9f43acc0399ce535617a.jpg
77;73;094a2ccd334b1f57a1a7de700e88f2196cb0aa01.jpg
78;235;17bf0739bf830b20ef259d18788e74d4209d922b.jpg
79;65;226d41b6ea6f19866167787cba2da84b25b5c510.jpg
80;74;075e579783297a4fab0b866af8d3ae13b6873e39.jpg
81;107;1cde9ccb159cb0b09af8cb004113d3f8be681c95.jpg
82;59;19ad5cc9a329660869d5de0aa92d4ca74d54468a.jpg
83;175;130434f8eebcd2a27348032a586a726bd40cb097.jpg
84;215;15518f179422ba96c17cbff1db58e5339775395a.jpg
85;59;0af4f227dc701fbebd71372d964e4deaf8689071.jpg
86;65;2457529fa6141294965551dfcc94f17006193512.jpg
87;122;076a28ab498dac374d9c47bab758137b87429fc4.jpg
88;211;1c9aa921313f8b3b8dfde6130c91d9de4391570b.jpg
89;64;02ef105d87ae6ac485c22bd296aab79fbafae665.jpg
90;55;134522342e60f4da2470d1126a323c9269426dd1.jpg
91;196;1d2a55aafd98aae0740223c48b23ad7cfbdfa7c0.jpg
92;69;1df11a1003530da7f49e7dec9b48e9aad214683d.jpg
93;310;005b1a6cf0d2484b562bd8c5ab0353e58dbee9d1.jpg
94;63;1c2382dbea98c188687221510c43e9fd4e29afcb.jpg
95;153;035749e353aee6c7092c845d98a84b196480fda1.jpg
96;128;183ffe90ccdd1439b80808918f1106e1e9dad578.jpg
97;226;13f61c49ac032d3ddcfdaf402006223741451e81.jpg
98;114;1b053ba3945609e0a8850a5a864e74838e572adf.jpg
99;111;040d05439b08fb8f4af453bd64e43ea47fb829a0.jpg
100;57;06dc61e60a2a6c650a61dfed2e3b27df7b155ff9.jpg
101;308;085d40a4f08f0cff0b9483e15bea7f58fde04ed5.jpg
102;208;0d37b1653107d4413b07d26d20f59a919ef45564.jpg
103;209;0d3fbca3c72473d8277fe990396127d22c6dc549.jpg
104;94;16ece67657805562e03617b7a57a1eb43ed72903.jpg
105;56;09ae97265223b688b67803c3f471e528c9df6939.jpg
106;66;1dafcfe3396e0408ca82061eef6a43f9f732fb91.jpg
107;171;241eb236214bee9822cab4adba58dfc4de0a3751.jpg
108;56;198508aba9fa71fff7a356be7b0816d7b5d3ae7b.jpg
109;77;22e243756e856aa20fe305669988b86fa84cda93.jpg
110;35;0bb56ab06ad4be30885f0254e3a73ec8c90574d3.jpg
111;40;144a43741b9b6f7301e4b9c0251593b920f4150d.jpg
112;18;20af9eb08dd82985ebd33947f51bd9268e1bb20a.jpg
113;215;0ec67bbc3e1d1cb836e6f0a9feb29441ca46df76.jpg
114;111;1da137a462dcfaffb1080748779a8229d978524a.jpg
115;60;239707f4afc926ed6b99d0570af619ddcc9acc92.jpg
116;420;09c8254fe0f51a8b66c9a1fee53c0d22c5d5c0e7.jpg
117;125;14c6d59dd775794c094ac927e0d5545c69721bd4.jpg
118;115;108d8ccc2dc0fffe6f01dce3415b4aba8147cf73.jpg
119;115;1ca1a48fd14bca5653e98309f50d6476c4cd15ad.jpg
120;16;0bef712fd256fd13f01ee11d08b1aac8cf2cf9ff.jpg
121;121;159449212c428b53ad5fb9e7c775358ad3845ea8.jpg
122;6;138caf893569777cd3204df678e352a9c457dede.jpg
123;119;17b2bec78ebbbb1a239734a48c54e13481cf937f.jpg
124;75;19de5c1e7403dddcc58fe6d3adc4ed3759617a81.jpg
125;50;1b4168c6e014d9588802c70e74cde6511c012454.jpg
126;43;0d920b3d5f881fbacbac717d5046c0c7995a3bbe.jpg
127;39;0167a048f5484d9c50d0078a0b7d1060690775b5.jpg
128;108;04ca2e54c4e2e994dc7227f4c650af003165b924.jpg
129;55;12a565a382f82ae33fabe183c53a1ac271f2390e.jpg
130;35;18233ef5897545da5d49bf3bb6e64c9be3d658b9.jpg
131;95;12904f02e53067c35b8e7f92ae278cf68a3d5286.jpg
132;345;1388f0cc4733e2c224c96b631b17caf399806976.jpg
133;25;01acf34e2e7d2d9807fbbfb5ba243c5977e6c9e9.jpg
134;52;12be8b5dc8c1b08ec579940710ddd6e1443b512b.jpg
135;122;182f60a8d94cb4ec915519c6623fe48552457cf0.jpg
136;54;1334a17f77a5abe4e0f821671baa0589852bf223.jpg
137;178;0cf5e750c972d02ab3fd6d246ab687728e3dd878.jpg
138;202;231f7c763bd85f893294ac297df6a855608b6cc5.jpg
139;58;037498c9986c46d3bf00a96eddfbd6ce4fd50a85.jpg
140;38;0795e19f4093a9cdd61ff2193f5bb8c6e970d4f9.jpg
141;39;089010fdc67f35917e09419320852584afa58f79.jpg
142;26;17ef620d20013eda5358b375de69b79af632d8b6.jpg
143;21;0316e66546e984e09bf472a8773dd269476ffcde.jpg
144;224;146c1ee65111c9dc26a4d67d3990c0a723071274.jpg
145;68;01d50cc49f489cbbe66b7c482b1b07fe97b42c5c.jpg
146;60;00b527335f956f6e4b1ba87ae0fa96d6b2b82314.jpg
147;48;20694329ffd81e151b7b1fca7a42d8b0f453630e.jpg
148;64;083b86985e38e8b80e0b8278b552bbf98ef6d294.jpg
149;78;23ce057728a29ccbe49660511d4dec4f20203f0e.jpg
150;54;09d66d47aa62a60d35fcb38a79cc0694c47962f9.jpg
151;65;0098fde1754c51028bb4785e9eb5ef39519c1e16.jpg
152;90;18575dcb98f14398dcbced537234bed3b342bc09.jpg
153;30;1a5bd719ef497ccce3884bceeff5de2a3da0a091.jpg
154;55;07f55c83fc6c59a31cfa3f7deeb249f7193c89a9.jpg
155;60;14d41830fc7e0225f9a3c5af110c849c76c5c6f6.jpg
156;67;21fde4cdb701b5e8bdaa222921a44a0de8567a8a.jpg
157;62;1a9cadce49b5cea9a08a235be090b61d29158d9d.jpg
158;73;233a03d76b3ba32e18785dd0f9bbf0ffc785fc34.jpg
159;245;0d740a7b8f5a554de70f86eccfe94b02b8ba7356.jpg
160;74;2203a81563efbf118455eddab74a486dc8d1d3ca.jpg
161;79;1e4a192290e9550130bcff53f5903dc9d5c779f4.jpg
162;150;2310feaf4bac9b7e5abbc64508c28f94a8298041.jpg
163;59;0ca648839030b87b21ae76d9685922d29a513947.jpg
164;221;00281c9f970508adc21370e667f9dc148cc34bdf.jpg
165;55;18d547cc3c8a4ae9355b31763aecb9ca1d6e903f.jpg
166;63;0b7d12c697c8129ceeca43f75710bfb2ac274f5f.jpg
167;186;0c8b6092d8484719789240f0fc04ff30421834d5.jpg
168;212;1c9408957a827a1bce36d9057d8a075e7c0b706f.jpg
169;491;141e4edbf365a523d198c866830f6d2302d7e0a8.jpg
170;176;1ff9eef553663acb92add0027644929822be7af9.jpg
171;79;0e40a9dec5f22ddee0eeef87531212c9897daba3.jpg
172;46;1854f84c70c7e42e605f0b1d9be48a62f4b7fbef.jpg
173;34;0f5e7f6d8632b5ea1d6bb3bee11ab64799f08d7c.jpg
174;100;197fbe90bfc141635ddaf2dbe4c9f9a998d783d8.jpg
175;101;1e208b90dd3effa0b11ab792dc605205fc497456.jpg
176;62;02fa089c3f84dede3da23025f669d3066ee55b1c.jpg
177;218;00f531ce72874de5bfd9f41ff95662d448e73b0e.jpg
178;335;1272449a2bdadef7011b023893f58a3f18fa765b.jpg
179;55;0cb3113f02dd8db052264add6e1f341e1718b020.jpg
180;231;04141a569fee9bb9a85c6d3f9e4005c7fe392c06.jpg
181;185;184a1566a2348a47cb6e58b29525999712024815.jpg
182;57;21dd32102ff4b794e01d8e6a5429103116f1dd3e.jpg
183;206;12f4ac5cb886c93c80a23dd0835ed3f4053106bb.jpg
184;228;0c0c1d3dcd197c16790d55fe1a246753f923c284.jpg
185;63;1d6dc7383008ed8d2c0f303b53ba39ee0c198419.jpg
186;187;212a3ae474b6e4eb69b3a1c905756d5adbfdaff9.jpg
187;126;02b9e81c1f5bdb956f7a5c85f8aa964e02947c97.jpg
188;46;17074c6c0fba09c11471fd3b2231d77ba33353e3.jpg
189;18;12d839a3d2353283c6943a10fc41506f77f8cba3.jpg
190;401;1faadcd60711bfa7aed065e53cf8b61c95aea34b.jpg
191;210;206eea703403ec381f3d9b30c1178edb954c0d34.jpg
192;225;1a62597c11b9158d1ddac1baf78881031051ff62.jpg
193;275;0298c004af3db41b4c9f3356b8bd66653ffe0048.jpg
194;182;0a1e1c676aa31a9f56818e580d7a2e20689fefba.jpg
195;41;0b69e687253c1d8d2a222517145a13463ee5d4b3.jpg
196;91;1d335098977d3daf11051b28dea187de9e2c96d9.jpg
197;218;06938e34b0ea0d9f5855389099b2a1d135b65675.jpg
198;193;1937f2d8a9b911783386c51a46b9f7801e63c341.jpg
199;217;1b6e87e09884270ef8d5ca8c17a4d530b339d447.jpg
200;17;01655d44829e5a4d8f7deb7113bc62224103a58f.jpg
201;53;1412307984ed338e13f373ce96a3369d62f84962.jpg
202;60;0eb5e98472541520dec5b25e9387b978bc2aaee3.jpg
203;144;152f49bbd8316887258b25a2438a6502b8f019d7.jpg
204;177;1fe0c3f52881dbe377454659862b7f1118f01d58.jpg
205;206;14a5f2f319d5141d645cb652ee80f262c87b21e3.jpg
206;112;217363468c090d2dfa0afc3ba75e169a3ffcfaba.jpg
207;31;102bb04f124472ff6440f44d66e86c7fb4eaa66d.jpg
208;64;210e22be24e5ef3c7275baad378df0c46d973884.jpg
209;73;09fda954ae2a797eaa9cc6ee8b66884b158f8bba.jpg
210;34;0afd972947328a5e9f474486b74c6dc49c4df3bb.jpg
211;117;00523ae894dfdb009a92404a46e04aeb4fff70b5.jpg
212;51;247d9405130dd88758f9a44a5e83037f7fcdad2e.jpg
213;96;08f9e4f505697b3cad80a26ba645d80b7cb28562.jpg
214;199;0f05dc10feb8e544d743e4bca1aad6b6cf0810bf.jpg
215;62;112dabc2b291a2000b8b994fccddcdf91636eb7a.jpg
216;37;192778bc65a6a67964c7be09ed82c39b0131508e.jpg
217;222;0e11679f05b72f9579d02b56283103326de7f6fa.jpg
218;342;2314eef682699db2fbb1f235af8a9a29008abb62.jpg
219;47;10781aed641a429875a1b1d7773b46a57b040908.jpg
220;426;0a737aefecf9233d8450aa67a6df9035c7e51bd8.jpg
221;67;1069a94dbe7902d271d7a58933c40cc68bd55585.jpg
222;198;09b283c81a4bd3a19d8329bda8f7d8e301739558.jpg
223;47;175f51edbe55fe7781d49f06fcaafe22ea578901.jpg
224;68;246f67e65655884e98db8226dbd3d345b68c9f58.jpg
225;69;2319bf997ad344eb4860c1b6c50bbeef1eb43685.jpg
226;80;1bba22daf4e03295d6b52d6d3aa7a0dc019ab8c0.jpg
227;80;1c1c718f7dd549b0202edaf3bf6147ef18025cc4.jpg
228;59;1e97d030260bba497fb585b795c9afbf77623b68.jpg
229;83;177c0d0896184c7cb5dfc1a482f953ac60da118f.jpg
230;60;0985879d460d60bdd355dbb381de0d0f3eb189bd.jpg
231;229;13f4074520883462266b0eab3f13246c6aa07aa8.jpg
232;215;0d0d9fb515c6d291390f0a71e8f254dd0f5be616.jpg
233;109;1607ca8b8adc4399ba26923cf33db9b515cd8282.jpg
234;42;1440ec625b0e89bec079521680c8f0a950036073.jpg
235;77;0103cfe2bc953da1a4d0a24b0d1870c4cc708eea.jpg
236;75;05c9f1f992327506b286f8bbd6178656e258e8e7.jpg
237;40;061d1c5456e46a8f8ad6dffa788647d612d8272f.jpg
238;68;1e447e6ac24a0dce1790431e58652c2205156900.jpg
239;41;200cdee7541e5970c17aa7db65dd625e4fd873df.jpg
240;52;1dd0d6931af2dd9eb5c94f9b41cd6fd0619067c5.jpg
241;59;159188191d4a495d14b102b0e5aba9d19fa76e7b.jpg
242;47;1416992754fad7e53b75d5ac9177e61f7b17f00b.jpg
243;61;1ba1e0e5b63d9d9451bf18b4a934ba2774ed6ddf.jpg
244;85;10a8d9c7d99baabd9aa4aab95255618f35ea0738.jpg
245;45;039479e6f698c714d11c61d7406b153355a2cff9.jpg
246;330;0bae87eaecd7f842ee2c17bd6d5fbbf37b23029d.jpg
247;179;14a85ce20ee84f9c83b67f99e7eed22c772fabb8.jpg
248;299;00902c132e3e7646c600e31d2a76517386f9e12d.jpg
249;529;082cb44c0f16c7883ce69d3a9b4db6bcd61dce67.jpg
250;449;12490a1c9281ac70a3df3185c770f981c2f3d6c4.jpg
251;173;0dd592299667e73968193ec117b1d07144521e55.jpg
252;222;06cec77f0f984cd7776c059a2aca2e4105071af7.jpg
253;170;1134fc0fdfc05686fa1aa2002f83cb48fc00a286.jpg
254;195;0590ffd77ab158c4543d29473ace015f388a8bdb.jpg
255;200;129685f0d6901a0ea39f675fba67c8f25dd4656d.jpg
256;215;066b77046643b58768679339bd153783989477b2.jpg
257;203;1500c3fafe8c90dd295835a1574ef2352b675128.jpg
258;70;0cc9f2fa15d86c32226e491ef2d3bd093e3acf3c.jpg
259;55;1b550b3b8550f70e0532e7f84c18b27a8711367d.jpg
260;59;01571ab5ea56dcd5a0ec4a57181723fed036cced.jpg
261;57;08cd65db0705105a6d0b52b47d1f36b041487581.jpg
262;60;1253734f3c5256baf4003b208a4fd06f5e2f8ed0.jpg
263;74;1b5c6804e4d643de9cdae321ceeb9b5d0231ae07.jpg
264;52;03b92e70372b7620e2a2f844b7789f729783fcd8.jpg
265;300;0f13aa7539ca0dd52844366c3ec25a569688a033.jpg
266;55;20eeb18a1f2afe9ea0e09bfc4e1abfe6010615ea.jpg
267;99;0668c2bda67f90c8346dc33f729b351a3936548c.jpg
268;129;1eaad91b157095fdf3b970673ca5cc2a23ca2f48.jpg
269;40;1f12e3a5efa64f0f6a191c805ea4108bdfec656a.jpg
270;305;089068f6ea71da89d2256c79be37de1df0dae553.jpg
271;50;003f850dd53366ca94bf48a6d47025d2e8241723.jpg
272;65;222d5e66b94765ac109a49cd31910c8b4e2d3555.jpg
273;59;247af2172d1d58c76756b89c4b760f142e530828.jpg
274;58;1fbf0c07f81460ac53b80511fb55c06d32a3850c.jpg
275;9;049404045d040107ebaf0da2158ad38a455b61f4.jpg
276;63;238bc5f66256e014eee43a6314615982d8b470c6.jpg
277;425;2313a8664e97608946187b06ca0a7957ffd379cc.jpg
278;60;028db92ffbe41bbdc0c7071239e1d579eb3e0792.jpg
279;108;2316850e6469690f610b97d83902e303c02c81fb.jpg
280;62;22b09cbc2038cc916db72a82ad0a9d95086534eb.jpg
281;282;11bb381f0b607b481d7e7c642285fc06b0f46042.jpg
282;69;0f221729e0296f6671c818fec857b4a828f23274.jpg
283;35;15cda7bf36a8d8b8de543ed1ee5749dc356dbee2.jpg
284;78;12e168d35925db85c94cf9b95b7683f071d6ea61.jpg
285;59;1c3a1695baa8639a34118790f2490a2ff20e4b6d.jpg
286;56;1a97f3c9c829bb011c69db95d64b52dce26bfa64.jpg
287;52;0c81525942a27f349176f018cfee443e623cf28d.jpg
288;25;23790d9fcc3954332d1f909d4bf3c9db1231c99b.jpg
289;61;1183e60d7cb20d93fa379aa0f17d8526c8584f51.jpg
290;30;0860c1e3e4de3be5d9945c837ef806ae05f538fc.jpg
291;64;11882e2fa90201b12083681dec5e05559135614c.jpg
292;69;10f79fbe4274bd278c3f10f2d5f63a302d9cee0c.jpg
293;70;06cc65bcc6bdbed5af3afcd6c08dbca5475fff76.jpg
294;199;0307110579f9699db48441ab71f3617acd055cdc.jpg
295;37;0f2e8ac5cc3136234ecb41160eab0893f817910b.jpg
296;43;23780ccb9ee93683dfb092ef10c0cac422009b08.jpg
297;45;11317e7793f48179967dbc6c9a62f674c6e13099.jpg
298;125;08e5c29addcf21a37718722500e74e07a387834d.jpg
299;73;050c973ad7a3e762355e69bf2029eb54446e16d1.jpg
300;71;0abc6e9c326112c5da6c942cbddde171691c1ac0.jpg
301;40;1090efc7f8571dd0792d4e452045c4aa95339590.jpg
302;65;13f8f72a9743232633f390ee4a28a7703bbe3a94.jpg
303;72;096f86d026f75e1a1fd58997f8880bc3d04130db.jpg
304;65;164e4f71b6406ef8128c99bcec3488e002857fe5.jpg
305;95;1adcd452c57a2ded88b5b23fc8dc2a07ea6a9baf.jpg
306;80;2104793829f093fea5a153c39a3a0303d76ebfcc.jpg
307;53;0142687bb50c6a5d43aefe7999e20eed31d41d3e.jpg
308;71;073e480c427c829d8251712e2cdf9100e1a0f5e1.jpg
309;71;072456b3d98badfcf0b001b0e8021a384fea8bfd.jpg
310;66;0025005d968036b9f215f359dcc515dc6a0b7286.jpg
311;46;15b3ed794e270a24f01620586fed17f53344c54e.jpg
312;239;1549e80569e51deb5c11b9120f10c405b3e5493e.jpg
313;230;08ca689e9648f2874fc69a48006777bfb8e7992b.jpg
314;195;179b40abff5ade4f46dae9eb8a262f568b0371c3.jpg
315;58;04188a24559dc03d0f0f6378d3b8661a7140eef8.jpg
316;85;1c6dd700ed4939e027441264564efcb05f624de8.jpg
317;63;17f734894d183af2a3326a334feb4f706b0f5c21.jpg
318;23;1f09f9f0469274fe36d24ecd41ae6b228ad64159.jpg
319;60;1e7448a9a6ae59e6b93feece8f0fdbe522732b6d.jpg
320;63;1b6948b086f001d12a153572606f78744c006c24.jpg
321;210;054b18716508c5e377f4c83e2c8778ad07dd73e5.jpg
322;62;04fa85dc70bb282a0a6f7e5f6226a46b47bd939f.jpg
323;105;02b1c61670139b5eb2486f4032dc8b3466702200.jpg
324;48;077c03fd2d07356e8509c6b626f435d197887956.jpg
325;49;087d4001282bad3f09c78b554e0d145699445d93.jpg
326;111;1e0ec6a309e96e512794dc6b1d01fefb98b5ff23.jpg
327;52;1bac4cf72219617d39d5db4ad44bed1baaa30df3.jpg
328;232;13a852eaf64b536a4e0e41e9609cc92ec0fedead.jpg
329;48;06bddfc37fdcbbb68f00f76b9b619d22035bd286.jpg
330;52;0e3273c2747f5c63ce75c4e79ad440e89e204dfe.jpg
331;36;04f00f08ab175a6b86015b84940ef237946da1b2.jpg
332;22;094d20605f89748033c33443e0fa2bdba4c127ac.jpg
333;22;06ff061c463443253a9b6fa945a9ee9fd2f9953b.jpg
334;46;047202ee264b85e6cd14887597b0091c06e14671.jpg
335;66;07e86ec693974fbf776cf1762f386da5b54a0eba.jpg
336;40;22c83e3cc927a7d50dcaea9a12454a550dcf3812.jpg
337;63;22510f74cd738a97cc5d499439922127201da451.jpg
338;65;06e69ca9bf59312e2041f87dc67925c4a0f08430.jpg
339;56;19429fd994ef1c3606e29cd5c50dfae3544b631c.jpg
340;110;199e4f9dd98d8797f98813f2c646d720ea645db1.jpg
341;46;235c69959e8db76403cd279237125d51949eaf8f.jpg
342;50;077ab6467461c606127938624b27b0604c6df604.jpg
343;46;03b7bead12c27d365a5d203b51f08c6f56e7969d.jpg
344;32;0fa5c05eae31f738f18880d00c3a20bc076cb495.jpg
345;135;170cc2c99908a5d4c18f309dfe244167e6416318.jpg
346;64;038a14bfbc6d31090df2e91417c145c81d5539bc.jpg
347;43;2070d727689039703659f2b4ac48078ffbcc1603.jpg
348;23;0d6a35ef676a39945e80a23dd3d55cb6e7dfcd0e.jpg
349;77;1592ac464bafa097332373b44a0bc0a21c2a66d2.jpg
350;213;1410261f0344e8a8f64ebfb77477c93ab1037145.jpg
351;45;1bfcede437f42a5d1aabc734dbe952f0ca0a95b1.jpg
352;51;045236fe4f5105786400861b08b78e6ad849ea62.jpg
353;42;1ce8e986b4f49fa00ebf96b3e64ea226326e87af.jpg
354;180;150506b1a479dde8206087889ea9fe3ffc99b335.jpg
355;37;2140017c78aa8e9c5bf87a6f9483d44770327d2e.jpg
356;74;12f3b49b495578fc3faae1bb7dc9905affd92ed4.jpg
357;72;1b23bde5f77d2cfd61390ea9fe4e344a8d9c6df4.jpg
358;262;1622e1262c3371b16db3e742fed5f1237f59b8c0.jpg
359;35;0ed563ebf44130ed276f07324008b28d88d5f36c.jpg
360;43;21d38316dc24cd67c7f1dc715160f4b736052d86.jpg
361;92;13ca152e604837be2bdc660df2877bf415bb193b.jpg
362;226;18481f9c1d4d92698fd9c957703749a04d15058f.jpg
363;30;0e403444174002e29f29f6805f8aaf1a503340d8.jpg
364;194;087326912b4350ffaacdcb9fcee037447977441d.jpg
365;49;22693110d9402616cddb934a401ebc21f18f3d57.jpg
