;used_liter;image
0;89;0d2f85e9ce05fc8ae303cb62d5f12284605eebe9.jpg
1;37;1bf8c36dccf57c8468c901a2ac8a61d02adde532.jpg
2;71;0395d739d2656362dbdef06b71f53262847d88ff.jpg
3;59;019d0c88f67f8e7581a6ae114e444f8970eeb8d7.jpg
4;50;0e0ba9a684a23b35cb0e0fc05151de9c7a39ce25.jpg
5;120;0dab1f835848e158d936e5ba5f51a03e0c8cd7d4.jpg
6;57;18a8632fad827b725b0cc1f690ac1b8c9531c0ff.jpg
7;52;1e5618b290bc88a355be155cfe4eebdafcd91dcd.jpg
8;53;0c7b9c85ff3f59d5bb76196258628a785067cb42.jpg
9;110;0a008e3b1506c52ff8607087181d5a0d492f5382.jpg
10;485;0340e19a70a7463e1ca38311c8d4016483750147.jpg
11;52;0ad51a9afc621e120a3bfdbb27df7c9937971b52.jpg
12;48;1e93c99c6f4c982eac591034effe036dc2df3a85.jpg
13;234;14d22e2e8e842c278f502d92e51e3784a8eb6b98.jpg
14;131;1bcf5b808ca2209e592b4349e529e5183824ae8c.jpg
15;80;046dcb802ff257b9cb02d6f337a83529e302ba15.jpg
16;54;12bfd2c97e0cf7d9ea983a5f958a039fb7bb7c58.jpg
17;29;0101a3341e8c550b7e096b2d947b21bf336715bb.jpg
18;464;20b248ff8afd1d8c2058eb23d99a0bb16c9c28d9.jpg
19;45;1f4450408639279059c3ad808a0e37f03d0fa14b.jpg
20;63;0c2661180b01ccf09153e3c59ff491c1b6069a39.jpg
21;147;15ce5b2610624fe256263f0522dbead4564ebcdb.jpg
22;40;1648748cb2c9512a825e34359a3823a13352f28f.jpg
23;46;0b2ec6a6fa1ec2e33606313e7f741f3b4aee7ced.jpg
24;106;1d5d26cd7bba9e89e378d60ffe76a0a681812f57.jpg
25;35;1b88e1933d695cbe49d3f793081a947adf7c05db.jpg
26;51;09b2ee855ac02280e3f8fce3f7385516258d7782.jpg
27;46;0ab5f86e4d729d232d185a664b77b2b049d9b79e.jpg
28;62;05aa08310f4ed9c7eff0ecd40e35feabb392dbe7.jpg
29;58;003552c62aacc898154ff3e6458b4d37d93a19a8.jpg
30;72;1f9cb14da2c251670de5089323a62df7104510c4.jpg
31;506;12490ba769f962153327614f3a493be37053c78e.jpg
32;66;0dfc66d0b9f1210f2645725c67e2fcf7b49dfd3d.jpg
33;66;177ed0a8ab49a1abff501f7c3e6bdd23c3e526a3.jpg
34;172;0b10bbdc8da66f705ae2a62c72fcb6a88bd2a79d.jpg
35;195;06f3809cf626ddc0753e11c7734516399c1aae07.jpg
36;45;1e8dd86b38657d44831ea924623f09887467168d.jpg
37;376;005fc43f13dfef916914b17ef7ec7deb932bb33b.jpg
38;264;11f9cd65defaad688cb0c0efb4f2b5e00fcfa61d.jpg
39;40;20ede13511025f59968cc52aaec6aa9b34b343d1.jpg
40;47;04719fd2f654071092bee6f961f7b39f160bb11f.jpg
41;287;1c6189372bfdb9c77abec0643837e0dfc2e45d11.jpg
42;148;1ddb50dad28f94412180aca0865f86c5596d740d.jpg
43;42;15b3913860912549ab43a85ddfb2dd9c1800eec0.jpg
44;40;1386edd0d43c24f2954731edcedb8a07e9c8a6d8.jpg
45;173;1cbeff856fc0e58ca296ac7ae7d64af20d7170cb.jpg
46;94;18a33cfb239b30cc5677c1381c6a8849882fb20b.jpg
47;221;0ec1cda8326855a5ccd829526ed6c52740563e69.jpg
48;143;03b47796634b30063b80be9c6499dc623d7414cc.jpg
49;230;08a4be5914125074ab80aaa979fd0b2045c72c7b.jpg
50;62;101f7d23a7817c1522e63877d00f7c20fbb3fb4f.jpg
51;25;0051c2791cb61270be2c1a531173523909a5a731.jpg
52;53;1d4618b968dce8370d78062b81e5866d7c57bb26.jpg
53;87;0f47805c473f7169512ec54c762e0894833f9c1a.jpg
54;54;056bd385ae19c3f5e9e8873db28c7a1266de4a6a.jpg
55;73;1f2dd4e394a252da56914796950824ac0bec7ed7.jpg
56;136;015538fa03041bcfdbb196e8eec8a0211e52201d.jpg
57;64;142e9332004e400d5cfd1b570fe716f57251ca7b.jpg
58;67;140fde20d2225e492ed7c6af68017b49df91f1d9.jpg
59;297;1360a6301c6bd49ece672a779f4bc07b1a34ae21.jpg
60;78;23f2b6eee381454867bd156a3222cc178b7453b5.jpg
61;58;03a49a24708ee65209e1f875fb4f6ae5a4e31d68.jpg
62;117;10704ebe97684fa2ec37b89a3877b6493f1fa2a9.jpg
63;47;20f60c2f39dec9946c339755d0da6408ba16ac18.jpg
64;219;1093516de236b9fe08a1f68c66411177dd6d3914.jpg
65;31;04e18c833430396cf96dd2a5f51e5872ad8180e2.jpg
66;62;16910cbbce34fe181a65f9f31ce3bc8ad6492cf0.jpg
67;41;12db65773e6c1cee46cd3a30107a670067e6675a.jpg
68;416;045b0d6badecf9063d6fe48145a6cab070abd193.jpg
69;59;1b2a4f9784ca3123340abb7bff9557e2c529817c.jpg
70;24;206e5ff0e73a55a76a80793d5e996a0255c6080c.jpg
71;220;0bf4248f10a8e498dc6612bbceaedaf07fb1e5e1.jpg
72;33;0ec28aaf6a14fae903873387669c46e7a06be41a.jpg
73;275;0a7387ad1c3c8cf65c405b69cf6637adcae36025.jpg
74;45;2186e6beb3d625353394dbeb16d4fa897167f29d.jpg
75;167;20cce081f833c47cc58ca579f9bc1cd7eb8189a7.jpg
76;36;0519072fcd648ff40dc973e8ffb0246f14151a49.jpg
77;27;0dc09b1578db33a0b3593e98cec34d6906799523.jpg
78;17;1161605a9d0dba578103b8f0f549c4ebfef2fc85.jpg
79;48;0fe7869f3b87b709835174aa37ac11d0ab4d964a.jpg
80;46;0630d546e1c06b815b400be1b86d97929525a193.jpg
81;47;08bc4699aaaa1c1f5d5f20000e275c3e95eaae07.jpg
82;66;13fd3d1b369e946841d18efdc12d326cb9cad03f.jpg
83;46;1a29faf63ee1fca9b8e9b396c9e8086d2c01f568.jpg
84;59;0a0216c77785d90a243e961676e1f4a95e1b1618.jpg
85;59;01d8e32814865dd1bff2729baf8b427c23aa2e35.jpg
86;36;0a5f85a46d40956b2c0f6b3eefabc97b83ee0f37.jpg
87;57;10fde5e56c800208b931110f821eeedc439a5c7b.jpg
88;48;1a39e087155d540c43fe32aba5abc633b12362cb.jpg
89;59;2321df655acee5f5edff8e504870401442eeb1b6.jpg
90;67;1f55743a8eb74fcbd6ba6e60ba2d5bab26c59a88.jpg
91;59;01ed7a18e6a1aa224837dd89fe00dc550d733158.jpg
92;15;0bdaeea0d984ff3b500fc1360b18e57deae694ca.jpg
93;111;1b9a2fe1561df7947806f9d5e4af0a9162b8da1f.jpg
94;210;1f7f8d6e1d7cf8abec6a145e4b67bd725f1ef368.jpg
95;56;1340194e1a5dcd524d2f78f1417b950dd6cd352b.jpg
96;42;1044aa5c63840dd8a0117e89d9a56d911a37c767.jpg
97;54;045a94167bbc90ff2289acaa355bd9ea933b9233.jpg
98;28;038c8b68db9d506d2e0a1fa002ae83c50d43e1ab.jpg
99;190;197c95f2ad89c7ded06e4bcf77af36393ca880ea.jpg
100;54;23d7e253116421e152588c4417d26edeba2f3468.jpg
101;76;1ac197be6826c8ba818fce3c12c6ec4e92c4e123.jpg
102;66;2111e15bba08b0a50cba6f036e75602f9f44a44c.jpg
103;57;0784377b535360234a06cc4618ea2d1df1e61967.jpg
104;24;0917aa04df48de04ce0f2ea4893383314e7f8730.jpg
105;126;0163339dd3c439b57fcfed404a876a8d480d82fb.jpg
106;280;1ac29631d809ef40079a28ce7bf8850359963c81.jpg
107;21;10c57f8bbc470e27eb5e45efe899685158bed789.jpg
108;43;22ddf788465b53936ca342a5e0b51be4f37a5d31.jpg
109;108;2358d7e0201150737631f45cfd744ed706d865f4.jpg
110;44;245befa07233a0934da2cfc13ebd6905ab5d947c.jpg
111;30;1fa5c7019cdc94946121fc288e14b2e6005a8f78.jpg
112;188;228dd58ee90f6c3a3bbf67cf292fff71fcf66b8c.jpg
113;208;04cf96e7cff4a217d30082cdc434a3f641ae78b3.jpg
114;135;1e563e76027dc5e3582da0669f66ba32653345bd.jpg
115;415;1ead8659d4b037c36f8b3277862ada8a955cc550.jpg
116;52;07ab6d350e75821f3d46f2dc54ba7040b13691b3.jpg
117;45;16c0acbf55777702a5490a805d18d8fd60d01da7.jpg
118;25;15f6db05b49a22d2dcce69befad87f4250a4a7d2.jpg
119;30;072ebd774ac4589885c4ef65e0a3491f9ccc2690.jpg
120;223;016c33ec14c040a5377d0df92ebe3575dcecbe7e.jpg
121;35;1aff2eb58036d88f0b1e165722eb8d39b452c745.jpg
122;29;1b3220f8bb058fd9b622fa4813057de6aff2f451.jpg
123;45;230e35a8f75f012cdfd43de0097ad8678454d868.jpg
124;45;17a59b9e04ab27af37472009c2580d1f374b7c29.jpg
125;178;1cb22f74b22a1ae8f72d71ebfb3baf2939961e5c.jpg
126;404;1cd2b5e710742c6e1b3f8f2fa3616a5caef09373.jpg
127;213;1e05e4acd6011153ee3e9ec159f35a08abaeb4f9.jpg
128;30;0850699e626dd6040c369252d5452d22712b2b4c.jpg
129;68;06be724d9cdb4fff3bedaf5b762eae7bb3cda138.jpg
130;77;1b3403a20fc7aff2e6e379df392f009c9032fb75.jpg
131;20;02510e06c2b8d55824199a15c18c282db908866b.jpg
132;77;1d71d4bc82a764c3272a24b28d89abbda1b50b74.jpg
133;68;21733f0710f4f51f67ce5c99b1df273a087493b3.jpg
134;39;0521da121fb4f4e994f0dc6b6675e280a7c1ed34.jpg
135;50;204a9aa313d20fbb2d91fe2bf617ac1fe6c2db30.jpg
136;53;05b6586a21ff137bba05f039321dfb3859d78bff.jpg
137;151;204a632c3e3b7c6210f39a66f0831aa6cf777a0d.jpg
138;181;1d53d603946be9cc710491177917b6b58377bcca.jpg
139;42;158f822c9edabfbfcaa1a725f212cecba8d45abc.jpg
140;44;0ba418b8d5ed55d84575cd672194ebe880cf60a4.jpg
141;36;05f5ec67616b3cea965161013427ed0f695a3d91.jpg
142;70;087323c643becfd62564b7477b9ac137f15e7007.jpg
143;54;062817c5bc6843ed0c7e70df5697a2c7875f55d3.jpg
144;57;20ac750737bff48f8116d15c6a073da94f783f2b.jpg
145;189;11c43b6fc809aa3bc90f41db6edbc60d260ff9ba.jpg
146;169;186371527224f02470bc68dd8d32cefc735e9bb0.jpg
147;137;09f22dd146b80f76e721de86dd7f049f67e74520.jpg
148;208;1f39fd18b65d47065a7e4974151fb043f86df457.jpg
149;51;16ee3f35bc5a9ec8ddfe0dde3fa97de0c52e15af.jpg
150;46;113ece1f65928798badb811d7b8bfec5a3c50bbd.jpg
151;23;0a6e4d5f38965dc3d805720f4f0886183d27040c.jpg
152;46;03556ee4ee8f746df21b1a90bbe4d7bbe75e80cd.jpg
153;58;1969b2866c104b7ed3d37553acdb70d65146bb1f.jpg
154;64;221a8f3872387f090436e8245b073c8c3b73cc51.jpg
155;49;1f357c99f950f7467690bfc39142a2c1454aed35.jpg
156;40;1d8c8b920dc53a30b174b53227df70909a668225.jpg
157;18;06ebf75e5ef8e0039b616570af3b57c282eb02a6.jpg
158;48;1269c7965bb20e1e9bcd7b5018ef1e24048c2103.jpg
159;59;0c31f652e512dae07bee74292516fa0e089adb67.jpg
160;44;1440b68a940912d9fee59ef2ba8283876ab0cdaf.jpg
161;57;24884fe60a4c300354f4609a8b83f597de716d26.jpg
162;91;0eaa53c94a6fcad89be09c75551bfcf095223d9a.jpg
163;64;17c8125d919a804ffbfbbaa518be8e18e222273b.jpg
164;68;0b1b3d01f3cc8c4cc368d1b0527690a033f73240.jpg
165;69;1a1ddef8508bcb5a9b3b22372e3895110a6cadc1.jpg
166;72;0cba597572b276b0ed6fb36cd78a6c293379dc5f.jpg
167;39;1246c7e7e6b69e52e6a537bf7b0b4e8cf1c19d44.jpg
168;176;0e0974b1bc95b36a696c464daaf191cb7d83a3e6.jpg
169;50;0133c36547f01438b1803e928af3719f13c95487.jpg
170;68;1f8f5f9e8ee1ea9d02ff36944566d50bf0cd55e5.jpg
171;214;062018d833a142a8bb28a9232928084bf5cc2f11.jpg
172;196;125a9b900411c3bbfe720d79341995beea3cc373.jpg
173;591;186a10c09ccc9fc9a3d1234f2e4d6c22869b21ed.jpg
174;196;07c660547cba0d1af70fd0ede8c4fb1046407dcf.jpg
175;153;0e836a8573557c54e6c51b4a0e97bcfff06c155a.jpg
176;199;04265e5c2700911ffaeb1c7be1ed68032cdce739.jpg
177;61;1cfbd7a34aefd60646bf953020ce38cedeedea25.jpg
178;589;17cec563fc31eaaed39cb94d4c553749532aa27c.jpg
179;637;10cf0ac553d6d1d797c3403876010065c54a5346.jpg
180;207;0454db70b35aec40367b67904783f7cac215cc11.jpg
181;520;039aabd8a299eae76af9221e0bf9fbe993311179.jpg
182;220;038d8e7cd3fefcf77dacde560eba4fabe7234e9c.jpg
183;171;09a064bb63010147900c55bdf35347ceee979a7b.jpg
184;525;0677cab36e2752251c23b621e82df2108c746eae.jpg
185;824;0efee8cda30576dd21221732f6c20dec74e3bbd9.jpg
186;353;0e7879e357a5572ea3487da37931b4e240c8a502.jpg
187;236;196a48ce4c111caefd64dee2dce510e97a079966.jpg
188;194;0735bbe68571bf95362915b44560ed5125fcccc1.jpg
189;201;2202b33ce29ace956dba428be4daef7393b37642.jpg
190;196;1f0abc8ab78273c89174c0fdbe7832c7a61a53d4.jpg
191;538;135fade52f61ab415b24e4aa013a6a09b2168e5f.jpg
192;1011;19caf727ad9bf2641d2aedcbb3ceced3fcd5bde5.jpg
193;220;14986717d7c568f53aec8fbb8a6883d7410ed5b8.jpg
194;195;054c06bceccc4ca5fa61829020aa10d21054df82.jpg
195;208;0439c7e7bc2d6c0a85ca45111f15f0a859468be0.jpg
196;211;069592c681626992e040aac3ec08839885714c47.jpg
197;197;0c68a65011eb33b8a4943b92b87fafe81e03b039.jpg
198;194;0a72d48cfd97587c9440c615d67c7cac3c398eb7.jpg
199;302;23ffe403558c77144387042a91e06eda888adcc7.jpg
200;216;22d264d4b6dc5dde3bf204fabc1df4c9d2614865.jpg
201;412;24257919ad3a4436ff6b6cd21b5905215e057754.jpg
202;38;138aa950ca1ea95c80ede3a4fa0b61880fe0899f.jpg
203;48;1a54b056f5e45c2acd337255205bb1d66b4507f0.jpg
204;500;0fcd1d3aef9552a2f82b2b3f05605cabd59d66d3.jpg
205;120;23f2a3ea675996ba2eb1e735047f78c01957d067.jpg
206;54;1b893ca373e455ecd830f74ddd3ca73153e9c5b3.jpg
207;37;1d755c95684b53154b96303513313a4f54cd0a9a.jpg
208;40;07ffaa969b84410f21874827382a621d14b9449e.jpg
209;64;1c797fe75336bd3bb964aaa0478eae6c6592ba4a.jpg
210;51;1a186e466f9a4489ab87293a27d4dcd11f03ae6a.jpg
211;140;14a12c1a3777e06c5438000d0b8cbe9d3a63f8ff.jpg
212;43;233849d313f9989bc62ccc43a0d0fb0707a82550.jpg
213;95;0778d3fc920676610e2f0504bc8777ed3283d116.jpg
214;64;04adebffeed113d944e9efcfe5503c3ba6bf467d.jpg
215;42;192670613085adeceb2544472518d5dd9f4c9060.jpg
216;50;1bd18b4cc463d27f6cf30659cc3d4c060f8649ad.jpg
217;32;1abddd3978803e425609f69eba53c499a8d5c03c.jpg
218;27;10ece0d989c1d9630136066b3e7e682cabe9db36.jpg
219;30;0a9323377845ae8b8f7c113f8c2d044c1c3bc8b3.jpg
220;57;05417700b76f523cc74f17d86d778a5273d99869.jpg
221;39;1206fa2db464244bc1fe8f5676afc879628d1ba4.jpg
222;47;2110c0be366f9cd65ee14af52adc4aa5c7c24f2d.jpg
223;217;12ba3ca5add8ec23991212d4ed36ec3c444237e6.jpg
224;60;222c634ae2ddf08431333ab0a6355b49bd2275dc.jpg
225;80;02e3c045524b89495955874afae9f0832adac32c.jpg
226;230;00e22973fdbc19f1f703cdbd05a8606705bc60d1.jpg
227;67;06ad5ecd77f1eddc0dfc5fb98b089cdfee639319.jpg
228;39;20f21432f4534ab130c992704c273d9603b9872d.jpg
229;66;00f35ec57ceabe2950b8b59077ca09667763c89a.jpg
230;186;118586203f37df4e8821d18c381c4995091f5530.jpg
231;235;0aa6fa634d2cce0403e7bad211ba727aa026f37c.jpg
232;112;243eaca08f16e3785153d8efecd2f02a3e3cf50c.jpg
233;52;0cc7d11bcd59ef42b4ad270f3db77b5c72f9f3c5.jpg
234;175;106410378c75699f5e9292dd8b87b22b8b57a9ec.jpg
235;61;0ecfcc5eb4b3cd52adf347bcb3fc2f31138b29aa.jpg
236;123;1b6f4d87127bc721ac21921b0a8f6d6f29eb59cf.jpg
237;34;0abe9f0f27e8b40691503e66f1a353a90a1f67ad.jpg
238;54;023d80491ecf06ebf29ec6968873e2b9d0b5c0bf.jpg
239;74;0578aa753099fe5c2525b14a9bacf995f9565f64.jpg
240;43;02cb50cb6c7186ee1873765d14076e4a5c24ca7b.jpg
241;380;1dde96aa9f5ee70ec0a57fcfffadab3cd6421d1e.jpg
242;42;22c3865996ba4f1cb65fd06a185f204ee9f5bf27.jpg
243;25;0122de9a0c734ad199c00b352cc3b12729238b44.jpg
244;64;1035422f1a10a2bdadf40f0eb0031927d1f101c8.jpg
245;156;1ce0f4e786d44a3ce831e470c5bb9eac4602ad04.jpg
246;104;043af7a5763b15b7c281eea6de8474ea7133bc5d.jpg
247;50;0c2564bc75fc119ef34281405933d48d9db45ae5.jpg
248;70;220fe475a2c39efdf7f716603e1b4f60ba10f672.jpg
249;32;0b7d7c92f3a0f9f466067984a57a494b01ee894f.jpg
